Date,SKU,Name,Brand,Avg Rating,Rating Count,Sponsor,Price,Sales Price,Express,Rank,Link,Delivery
06-Oct-2024,Z5556A48,anti-slip-fitness-exercise-gym-yoga-mats-4mm-thick-61x173cm-for-indoor-and-outdoor-use,Generic,N/A,N/A,Y,60,37.55,Y,1,https://www.noon.com/uae-en/anti-slip-fitness-exercise-gym-yoga-mats-4mm-thick-61x173cm-for-indoor-and-outdoor-use/Z5556A4895CC44B536812Z/p/?o=z5556a4895cc44b536812z-1,Get it by 7 Oct
06-Oct-2024,Z4309655,multicolor-anti-slip-fitness-exercise-gym-yoga-mats-4mm-thick-61x173cm-for-indoor-and-outdoor-use,Generic,N/A,N/A,Y,60,34.30,Y,2,https://www.noon.com/uae-en/multicolor-anti-slip-fitness-exercise-gym-yoga-mats-4mm-thick-61x173cm-for-indoor-and-outdoor-use/Z4309655FA88AC7B8A209Z/p/?o=z4309655fa88ac7b8a209z-1,Get it by 7 Oct
06-Oct-2024,ZE5D98E2,anti-slip-fitness-exercise-gym-yoga-mats-4mm-thick-for-indoor-and-outdoor-61x173cm,Toshionics,N/A,N/A,Y,60,31.25,Y,3,https://www.noon.com/uae-en/anti-slip-fitness-exercise-gym-yoga-mats-4mm-thick-for-indoor-and-outdoor-61x173cm/ZE5D98E2FD55A24417BE7Z/p/?o=ze5d98e2fd55a24417be7z-1,Get it by 7 Oct
06-Oct-2024,Z24E1B5B,8mm-yoga-mat-with-carrying-strap-anti-slip-for-home-workout-exercises-meditation-eco-friendly-non-skid-tpe-yoga-mattres-for-pilates-183x61x0-8cm-thick-pink-black-color,Bernessi,4.8,49,N,165,69.90,Y,4,https://www.noon.com/uae-en/8mm-yoga-mat-with-carrying-strap-anti-slip-for-home-workout-exercises-meditation-eco-friendly-non-skid-tpe-yoga-mattres-for-pilates-183x61x0-8cm-thick-pink-black-color/Z24E1B5B4FDE8BB5C6111Z/p/?o=z24e1b5b4fde8bb5c6111z-1,Get it by 7 Oct
06-Oct-2024,ZB6A26C6,mahmir-yoga-mat-anti-slip-exercise-mat-with-carrying-bag-fitness-mat-for-pilates-183cm-61cm-6mm-thickness-for-woman-man-beginners-black-light-grey,MahMir,5.0,11,N,59.95,47.45,Y,5,https://www.noon.com/uae-en/mahmir-yoga-mat-anti-slip-exercise-mat-with-carrying-bag-fitness-mat-for-pilates-183cm-61cm-6mm-thickness-for-woman-man-beginners-black-light-grey/ZB6A26C6FF922D524ABBAZ/p/?o=zb6a26c6ff922d524abbaz-1,Get it by 7 Oct
06-Oct-2024,ZFF6D188,anti-slip-fitness-exercise-gym-yoga-mats-4mm-thick-for-indoor-and-outdoor-61x173cm-multicolor,Toshionics,3.7,3,Y,60,31.75,Y,6,https://www.noon.com/uae-en/anti-slip-fitness-exercise-gym-yoga-mats-4mm-thick-for-indoor-and-outdoor-61x173cm-multicolor/ZFF6D1886AAD421874DF1Z/p/?o=zff6d1886aad421874df1z-1,Get it by 7 Oct
06-Oct-2024,ZECB2978,mela-non-slip-yoga-mat-for-home-gym-6mm-thick-eco-friendly-tpe-cushioned-exercise-mat-with-carry-strap-perfect-for-yoga-pilates-fitness-training-gymnastics-essentials-beige,MELA,N/A,N/A,Y,119,79.90,Y,7,https://www.noon.com/uae-en/mela-non-slip-yoga-mat-for-home-gym-6mm-thick-eco-friendly-tpe-cushioned-exercise-mat-with-carry-strap-perfect-for-yoga-pilates-fitness-training-gymnastics-essentials-beige/ZECB29782C8C4BD506B8EZ/p/?o=zecb29782c8c4bd506b8ez-1,Get it by 7 Oct
06-Oct-2024,Z1FFBA90,mahmir-eva-foam-roller-for-yoga-deep-tissue-massage-stretching-physical-therapy-relieve-stress-improve-mobility-with-foam-roller-for-legs-and-muscles-deep-tissue-massage-tool-light-blue,MahMir,3.1,3,Y,N/A,29.95,Y,8,https://www.noon.com/uae-en/mahmir-eva-foam-roller-for-yoga-deep-tissue-massage-stretching-physical-therapy-relieve-stress-improve-mobility-with-foam-roller-for-legs-and-muscles-deep-tissue-massage-tool-light-blue/Z1FFBA90CF03B4E1CDF5CZ/p/?o=z1ffba90cf03b4e1cdf5cz-1,N/A
06-Oct-2024,N2733017,anti-slip-yoga-mat-with-carry-strap,Fitness,4.1,212,N,N/A,37.65,Y,9,https://www.noon.com/uae-en/anti-slip-yoga-mat-with-carry-strap/N27330175A/p/?o=f2f2a89d50d79c1a,Get it by 7 Oct
06-Oct-2024,Z5B557BA,mahmir-yoga-mat-anti-slip-exercise-mat-with-carrying-bag-fitness-mat-for-pilates-183cm-61cm-6mm-thickness-for-woman-man-beginners-pink-light-grey,MahMir,4.6,18,N,69.95,49.95,Y,10,https://www.noon.com/uae-en/mahmir-yoga-mat-anti-slip-exercise-mat-with-carrying-bag-fitness-mat-for-pilates-183cm-61cm-6mm-thickness-for-woman-man-beginners-pink-light-grey/Z5B557BA405F39E1C40DEZ/p/?o=z5b557ba405f39e1c40dez-1,Get it by 7 Oct
06-Oct-2024,Z230C946,3-pair-non-slip-yoga-socks-cotton-pilates-socks-with-straps-breathable-moisture-wicking-machine-washable-ideal-for-yoga-pilates-ballet-dance-workout-purple-black-grey-fit-size-36-42,YooA,N/A,N/A,N,50,33.80,Y,11,https://www.noon.com/uae-en/3-pair-non-slip-yoga-socks-cotton-pilates-socks-with-straps-breathable-moisture-wicking-machine-washable-ideal-for-yoga-pilates-ballet-dance-workout-purple-black-grey-fit-size-36-42/Z230C9460E2B3F2772EA3Z/p/?o=z230c9460e2b3f2772ea3z-1,Get it by 7 Oct
06-Oct-2024,Z4DDA125,mahmir-yoga-mat-anti-slip-exercise-mat-with-carrying-bag-fitness-mat-for-pilates-183cm-61cm-6mm-thickness-for-woman-man-beginners-purple-pink,MahMir,4.4,21,N,69.95,49.95,Y,12,https://www.noon.com/uae-en/mahmir-yoga-mat-anti-slip-exercise-mat-with-carrying-bag-fitness-mat-for-pilates-183cm-61cm-6mm-thickness-for-woman-man-beginners-purple-pink/Z4DDA125062C7766547DDZ/p/?o=z4dda125062c7766547ddz-1,Get it by 7 Oct
06-Oct-2024,Z212ACDF,8mm-yoga-mat-with-carrying-strap-anti-slip-for-home-workout-exercises-meditation-eco-friendly-non-skid-tpe-yoga-mattres-for-pilates-183x61x0-8cm-thick-light-pink-black-color,Bernessi,5.0,3,N,180,61.25,Y,13,https://www.noon.com/uae-en/8mm-yoga-mat-with-carrying-strap-anti-slip-for-home-workout-exercises-meditation-eco-friendly-non-skid-tpe-yoga-mattres-for-pilates-183x61x0-8cm-thick-light-pink-black-color/Z212ACDF2F7760CD34A11Z/p/?o=z212acdf2f7760cd34a11z-1,Get it by 7 Oct
06-Oct-2024,Z6AA422C,extra-thick-high-density-anti-tear-exercise-yoga-mat,Generic,5.0,2,Y,648,29,Y,14,https://www.noon.com/uae-en/extra-thick-high-density-anti-tear-exercise-yoga-mat/Z6AA422C01041A12BF086Z/p/?o=z6aa422c01041a12bf086z-1,Get it by 7 Oct
06-Oct-2024,Z30868C9,mahmir-eva-foam-roller-for-yoga-deep-tissue-massage-stretching-physical-therapy-relieve-stress-improve-mobility-with-foam-roller-for-legs-and-muscles-deep-tissue-massage-tool-pink,MahMir,4.0,8,Y,N/A,29.95,Y,15,https://www.noon.com/uae-en/mahmir-eva-foam-roller-for-yoga-deep-tissue-massage-stretching-physical-therapy-relieve-stress-improve-mobility-with-foam-roller-for-legs-and-muscles-deep-tissue-massage-tool-pink/Z30868C98E61D2ABA2621Z/p/?o=z30868c98e61d2aba2621z-1,N/A
06-Oct-2024,Z83C8A1A,mahmir-yoga-mat-anti-slip-exercise-mat-with-carrying-bag-fitness-mat-for-pilates-183cm-61cm-6mm-thickness-for-woman-man-beginners-dark-grey-black,MahMir,4.5,28,N,69.95,49.95,Y,16,https://www.noon.com/uae-en/mahmir-yoga-mat-anti-slip-exercise-mat-with-carrying-bag-fitness-mat-for-pilates-183cm-61cm-6mm-thickness-for-woman-man-beginners-dark-grey-black/Z83C8A1AAB21D372A0063Z/p/?o=z83c8a1aab21d372a0063z-1,Get it by 7 Oct
06-Oct-2024,ZECB2978,mela-non-slip-yoga-mat-for-home-gym-6mm-thick-eco-friendly-tpe-cushioned-exercise-mat-with-carry-strap-perfect-for-yoga-pilates-fitness-training-gymnastics-essentials-beige,MELA,N/A,N/A,N,119,79.90,Y,17,https://www.noon.com/uae-en/mela-non-slip-yoga-mat-for-home-gym-6mm-thick-eco-friendly-tpe-cushioned-exercise-mat-with-carry-strap-perfect-for-yoga-pilates-fitness-training-gymnastics-essentials-beige/ZECB29782C8C4BD506B8EZ/p/?o=zecb29782c8c4bd506b8ez-1,Get it by 7 Oct
06-Oct-2024,Z64EE8D8,mahmir-eva-foam-roller-for-yoga-deep-tissue-massage-stretching-physical-therapy-relieve-stress-improve-mobility-with-foam-roller-for-legs-and-muscles-deep-tissue-massage-tool-black,MahMir,2.9,10,N,29.95,26.70,N,18,https://www.noon.com/uae-en/mahmir-eva-foam-roller-for-yoga-deep-tissue-massage-stretching-physical-therapy-relieve-stress-improve-mobility-with-foam-roller-for-legs-and-muscles-deep-tissue-massage-tool-black/Z64EE8D8F808FF4902AEDZ/p/?o=b582689b37574c0f,N/A
06-Oct-2024,N2003488,anti-tear-exercise-mat-with-carrying-strap,Generic,4.3,1.5K,N,239,39.75,Y,19,https://www.noon.com/uae-en/anti-tear-exercise-mat-with-carrying-strap/N20034889A/p/?o=f2d873be1dd8236b,Get it by 7 Oct
06-Oct-2024,Z5BB144B,mahmir-yoga-mat-anti-slip-exercise-mat-with-carrying-bag-fitness-mat-for-pilates-183cm-61cm-6mm-thickness-for-woman-man-beginners-green-black,MahMir,4.8,7,N,69.95,49.95,Y,20,https://www.noon.com/uae-en/mahmir-yoga-mat-anti-slip-exercise-mat-with-carrying-bag-fitness-mat-for-pilates-183cm-61cm-6mm-thickness-for-woman-man-beginners-green-black/Z5BB144BA6576302F7275Z/p/?o=z5bb144ba6576302f7275z-1,Get it by 7 Oct
06-Oct-2024,Z1FFBA90,mahmir-eva-foam-roller-for-yoga-deep-tissue-massage-stretching-physical-therapy-relieve-stress-improve-mobility-with-foam-roller-for-legs-and-muscles-deep-tissue-massage-tool-light-blue,MahMir,3.1,3,N,N/A,29.95,N,21,https://www.noon.com/uae-en/mahmir-eva-foam-roller-for-yoga-deep-tissue-massage-stretching-physical-therapy-relieve-stress-improve-mobility-with-foam-roller-for-legs-and-muscles-deep-tissue-massage-tool-light-blue/Z1FFBA90CF03B4E1CDF5CZ/p/?o=f1e97d654c981d3c,N/A
06-Oct-2024,N1671879,yoga-mat-with-carry-strap,Pro,4.4,508,N,35,34.90,Y,22,https://www.noon.com/uae-en/yoga-mat-with-carry-strap/N16718791A/p/?o=fbd46c9b79caa32e,Get it by 7 Oct
06-Oct-2024,Z24E1B5B,8mm-yoga-mat-with-carrying-strap-anti-slip-for-home-workout-exercises-meditation-eco-friendly-non-skid-tpe-yoga-mattres-for-pilates-183x61x0-8cm-thick-pink-black-color,Bernessi,4.8,49,Y,165,69.90,Y,23,https://www.noon.com/uae-en/8mm-yoga-mat-with-carrying-strap-anti-slip-for-home-workout-exercises-meditation-eco-friendly-non-skid-tpe-yoga-mattres-for-pilates-183x61x0-8cm-thick-pink-black-color/Z24E1B5B4FDE8BB5C6111Z/p/?o=z24e1b5b4fde8bb5c6111z-1,Get it by 7 Oct
06-Oct-2024,Z184FBC1,stretch-strap-with-exercise-guide-versatile-multi-loop-perfect-for-yoga-pilates-and-physical-therapy-portable-helps-improve-flexibility,ORiTi,4.6,2,Y,29,28,Y,24,https://www.noon.com/uae-en/stretch-strap-with-exercise-guide-versatile-multi-loop-perfect-for-yoga-pilates-and-physical-therapy-portable-helps-improve-flexibility/Z184FBC1B30D0C5DACA2DZ/p/?o=z184fbc1b30d0c5daca2dz-1,N/A
06-Oct-2024,Z603FF8F,yoga-mat-for-women-and-men-extra-long-and-wide-exercise-mat-72-x24-large-non-slip-workout-mat-for-yoga-pilates-fitness-barefoot-workouts-home-gym-studio,URbazaar,N/A,N/A,Y,59.90,54.90,Y,25,https://www.noon.com/uae-en/yoga-mat-for-women-and-men-extra-long-and-wide-exercise-mat-72-x24-large-non-slip-workout-mat-for-yoga-pilates-fitness-barefoot-workouts-home-gym-studio/Z603FF8FD1BFB572D8D9FZ/p/?o=z603ff8fd1bfb572d8d9fz-1,Get it by 7 Oct
06-Oct-2024,N1652962,yoga-ball-with-air-pump-75-cm-75cm,body,4.3,156,N,N/A,37.85,N,26,https://www.noon.com/uae-en/yoga-ball-with-air-pump-75-cm-75cm/N16529622A/p/?o=d15b61db501d74ba,N/A
06-Oct-2024,Z182933F,6-pack-puzzle-exercise-floor-mat-eva-foam-mats-with-interlocking-floor-tiles-12-x-12-foam-gym-mat-protective-flooring-mats-interlocking-for-home-and-gym-equipment,GROIC,2.8,3,N,200,52.30,Y,27,https://www.noon.com/uae-en/6-pack-puzzle-exercise-floor-mat-eva-foam-mats-with-interlocking-floor-tiles-12-x-12-foam-gym-mat-protective-flooring-mats-interlocking-for-home-and-gym-equipment/Z182933F3500879193E71Z/p/?o=z182933f3500879193e71z-1,Get it by 7 Oct
06-Oct-2024,Z0BBD9C7,microfiber-gym-towel-face-towel-yoga-towel-quick-dry-high-absorbent-sweat-towel-for-gym-exercises-and-outdoor-thick-400gsm-75x35cm-grey,RIGID,4.4,19,N,N/A,45.75,N,28,https://www.noon.com/uae-en/microfiber-gym-towel-face-towel-yoga-towel-quick-dry-high-absorbent-sweat-towel-for-gym-exercises-and-outdoor-thick-400gsm-75x35cm-grey/Z0BBD9C7C83B7E8DF4FD6Z/p/?o=f433e986d29277cf,N/A
06-Oct-2024,Z691A3B8,gym-cooling-towels-3-pack-ice-sensation-sweat-towel-quick-dry-microfiber-cloth-for-exercise-yoga-running-more-high-absorbency-cooling-towels-for-intense-workouts-100x30cm,RIGID,4.5,7,N,54.50,49.75,N,29,https://www.noon.com/uae-en/gym-cooling-towels-3-pack-ice-sensation-sweat-towel-quick-dry-microfiber-cloth-for-exercise-yoga-running-more-high-absorbency-cooling-towels-for-intense-workouts-100x30cm/Z691A3B8C08D72CA569ECZ/p/?o=cd92098fa513df5b,N/A
06-Oct-2024,Z6FC94A5,mahmir-yoga-mat-anti-slip-exercise-mat-with-carrying-bag-fitness-mat-for-pilates-183cm-61cm-6mm-thickness-for-woman-man-beginners-dark-blue-light-blue,MahMir,4.5,24,N,69.95,49,Y,30,https://www.noon.com/uae-en/mahmir-yoga-mat-anti-slip-exercise-mat-with-carrying-bag-fitness-mat-for-pilates-183cm-61cm-6mm-thickness-for-woman-man-beginners-dark-blue-light-blue/Z6FC94A5DBD1A7D980F19Z/p/?o=z6fc94a5dbd1a7d980f19z-1,Get it by 7 Oct
06-Oct-2024,Z28459E6,3-pair-non-slip-yoga-socks-cotton-pilates-socks-with-straps-breathable-moisture-wicking-machine-washable-ideal-for-yoga-pilates-ballet-dance-workout-pink-black-grey-fit-size-36-42,YooA,N/A,N/A,N,50,33.80,Y,31,https://www.noon.com/uae-en/3-pair-non-slip-yoga-socks-cotton-pilates-socks-with-straps-breathable-moisture-wicking-machine-washable-ideal-for-yoga-pilates-ballet-dance-workout-pink-black-grey-fit-size-36-42/Z28459E600CA113B6F24FZ/p/?o=z28459e600ca113b6f24fz-1,Get it by 7 Oct
06-Oct-2024,N1627342,abdominal-trainer-wheel-roller-with-knee-mat,Ab,4.3,357,N,N/A,24,N,32,https://www.noon.com/uae-en/abdominal-trainer-wheel-roller-with-knee-mat/N16273426A/p/?o=f35bc3ad327d85ab,N/A
06-Oct-2024,ZCA0E132,6mm-chakra-yoga-mat,Gaiam,N/A,N/A,N,240,84,Y,33,https://www.noon.com/uae-en/6mm-chakra-yoga-mat/ZCA0E13269DA7F7B4F851Z/p/?o=zca0e13269da7f7b4f851z-1,Get it by 7 Oct
06-Oct-2024,Z30868C9,mahmir-eva-foam-roller-for-yoga-deep-tissue-massage-stretching-physical-therapy-relieve-stress-improve-mobility-with-foam-roller-for-legs-and-muscles-deep-tissue-massage-tool-pink,MahMir,4.0,8,N,N/A,29.95,N,34,https://www.noon.com/uae-en/mahmir-eva-foam-roller-for-yoga-deep-tissue-massage-stretching-physical-therapy-relieve-stress-improve-mobility-with-foam-roller-for-legs-and-muscles-deep-tissue-massage-tool-pink/Z30868C98E61D2ABA2621Z/p/?o=f86054bcf9ab9e2f,N/A
06-Oct-2024,N3926570,5-in-1-fitness-foam-roller-set-50cm,SKY-TOUCH,4.8,32,N,N/A,64.50,Y,35,https://www.noon.com/uae-en/5-in-1-fitness-foam-roller-set-50cm/N39265708A/p/?o=a0325ea104099c8d,Get it by 7 Oct
06-Oct-2024,Z1DD80AB,6mm-premium-metallic-medallion-yoga-mat,Gaiam,5.0,1,N,200,70,Y,36,https://www.noon.com/uae-en/6mm-premium-metallic-medallion-yoga-mat/Z1DD80AB6D2A71FB6BD5EZ/p/?o=z1dd80ab6d2a71fb6bd5ez-1,Get it by 7 Oct
06-Oct-2024,ZA1B269A,3-pair-non-slip-yoga-socks-cotton-pilates-socks-with-3d-silicone-particles-breathable-moisture-wicking-machine-washable-ideal-for-yoga-pilates-ballet-dance-workout-pink-black-grey-fit-size-36-42,YooA,N/A,N/A,N,60,42.80,Y,37,https://www.noon.com/uae-en/3-pair-non-slip-yoga-socks-cotton-pilates-socks-with-3d-silicone-particles-breathable-moisture-wicking-machine-washable-ideal-for-yoga-pilates-ballet-dance-workout-pink-black-grey-fit-size-36-42/ZA1B269ACFAC7EFA4C86AZ/p/?o=za1b269acfac7efa4c86az-1,Get it by 7 Oct
06-Oct-2024,ZB83DFD7,yoga-mats-anti-slip-sport-fitness-mat-blanket-for-exercise-yoga-and-pilates-gymnastics-mat-fitness-equipment-6mm,Spall,4.0,1,N,50,37,Y,38,https://www.noon.com/uae-en/yoga-mats-anti-slip-sport-fitness-mat-blanket-for-exercise-yoga-and-pilates-gymnastics-mat-fitness-equipment-6mm/ZB83DFD7A7A480B6A3D7AZ/p/?o=zb83dfd7a7a480b6a3d7az-1,Get it by 7 Oct
06-Oct-2024,N1627336,yoga-mat-blue-62-6cm,Emfil,4.5,358,N,40,32.60,Y,39,https://www.noon.com/uae-en/yoga-mat-blue-62-6cm/N16273364A/p/?o=f1c2f07384046eef,Get it by 7 Oct
06-Oct-2024,N1652962,yoga-ball-with-air-pump-85-cm-85cm,body,4.3,61,N,39.95,31.55,N,40,https://www.noon.com/uae-en/yoga-ball-with-air-pump-85-cm-85cm/N16529624A/p/?o=c7ada602455ed8ab,N/A
06-Oct-2024,Z54B10CD,yoga-mat-non-slip-pilates-fitness-mats-anti-tear-72-x-31-5-x-0-6-thick-yoga-mats-for-women-exercise-mats-for-yoga-pilates-home-floor-workout-with-carrying-sling-and-storage-bag,GROIC,4.7,4,N,400,123.95,Y,41,https://www.noon.com/uae-en/yoga-mat-non-slip-pilates-fitness-mats-anti-tear-72-x-31-5-x-0-6-thick-yoga-mats-for-women-exercise-mats-for-yoga-pilates-home-floor-workout-with-carrying-sling-and-storage-bag/Z54B10CD732976EE884EEZ/p/?o=z54b10cd732976ee884eez-1,Get it by 7 Oct
06-Oct-2024,N1666008,exercise-swiss-ball-75cm,Fitness,4.6,75,N,35,31.50,N,42,https://www.noon.com/uae-en/exercise-swiss-ball-75cm/N16660087A/p/?o=b871f9ef99c6f8eb,N/A
06-Oct-2024,Z212ACDF,8mm-yoga-mat-with-carrying-strap-anti-slip-for-home-workout-exercises-meditation-eco-friendly-non-skid-tpe-yoga-mattres-for-pilates-183x61x0-8cm-thick-light-pink-black-color,Bernessi,5.0,3,Y,180,61.25,Y,43,https://www.noon.com/uae-en/8mm-yoga-mat-with-carrying-strap-anti-slip-for-home-workout-exercises-meditation-eco-friendly-non-skid-tpe-yoga-mattres-for-pilates-183x61x0-8cm-thick-light-pink-black-color/Z212ACDF2F7760CD34A11Z/p/?o=z212acdf2f7760cd34a11z-1,Get it by 7 Oct
06-Oct-2024,ZBCE7784,set-of-2-yoga-blocks-eva-foam-high-density-non-slip-yoga-bricks-for-meditation-balance-exercise,WENBO,5.0,1,Y,N/A,39,N,44,https://www.noon.com/uae-en/set-of-2-yoga-blocks-eva-foam-high-density-non-slip-yoga-bricks-for-meditation-balance-exercise/ZBCE778416BAE21D1E4CCZ/p/?o=zbce778416bae21d1e4ccz-1,Get it by 8 Oct
06-Oct-2024,Z8171D95,multipurpose-gym-duffel-bag-portable-luggage-handbag-wet-and-dry-separation-shoes-compartment-crossbody-bag-for-women-yoga-sports-travel-peach-pink,TNGames,N/A,N/A,Y,N/A,46,N,45,https://www.noon.com/uae-en/multipurpose-gym-duffel-bag-portable-luggage-handbag-wet-and-dry-separation-shoes-compartment-crossbody-bag-for-women-yoga-sports-travel-peach-pink/Z8171D9598AFA21212858Z/p/?o=z8171d9598afa21212858z-1,Get it by 11 Oct
06-Oct-2024,Z27B1893,microfiber-gym-towel-face-towel-yoga-towel-quick-dry-high-absorbent-sweat-towel-for-gym-exercises-and-outdoor-thick-400gsm-75x35cm-blue,RIGID,5.0,8,N,N/A,45.75,N,46,https://www.noon.com/uae-en/microfiber-gym-towel-face-towel-yoga-towel-quick-dry-high-absorbent-sweat-towel-for-gym-exercises-and-outdoor-thick-400gsm-75x35cm-blue/Z27B189348DAD2773CDD0Z/p/?o=f5b7d1fb1532282d,N/A
06-Oct-2024,ZC7C1017,mahmir-yoga-mat-anti-slip-exercise-mat-with-carrying-bag-fitness-mat-for-pilates-183cm-61cm-6mm-thickness-for-woman-man-beginners-light-green-black,MahMir,4.3,27,N,69.95,49.95,Y,47,https://www.noon.com/uae-en/mahmir-yoga-mat-anti-slip-exercise-mat-with-carrying-bag-fitness-mat-for-pilates-183cm-61cm-6mm-thickness-for-woman-man-beginners-light-green-black/ZC7C1017CDFCAC890274CZ/p/?o=zc7c1017cdfcac890274cz-1,Get it by 7 Oct
06-Oct-2024,Z1E5046A,epp-foam-roller-5-piece-yoga-foam-roller-set-massage-foam-roller-and-ball-massage-foam-suit-for-muscle-massage-and-fitness-sports,RIOXS,N/A,N/A,N,N/A,69,N,48,https://www.noon.com/uae-en/epp-foam-roller-5-piece-yoga-foam-roller-set-massage-foam-roller-and-ball-massage-foam-suit-for-muscle-massage-and-fitness-sports/Z1E5046A9D0B565D29FABZ/p/?o=fd818a34ce7a1c1d,N/A
06-Oct-2024,N1652962,yoga-ball-with-air-pump-75-cm-75cm,body,4.1,58,N,41.45,31.60,N,49,https://www.noon.com/uae-en/yoga-ball-with-air-pump-75-cm-75cm/N16529620A/p/?o=ab7c0dd5c45dd4cb,N/A
06-Oct-2024,N4131262,yoga-roller-column-33cm,Body,4.6,10,N,31.95,25.90,N,50,https://www.noon.com/uae-en/yoga-roller-column-33cm/N41312620A/p/?o=df6fa9f37801065e,N/A
06-Oct-2024,N3453967,foldable-non-slip-yoga-mat-6mm,yoga,4.4,438,N,32.60,32.50,Y,51,https://www.noon.com/uae-en/foldable-non-slip-yoga-mat-6mm/N34539674A/p/?o=f24deeae2ac03f2b,Get it by 7 Oct
06-Oct-2024,N2733053,yoga-mat-1meter,Fitness,4.4,88,N,N/A,39.75,Y,52,https://www.noon.com/uae-en/yoga-mat-1meter/N27330532A/p/?o=b9b77fe99f710c6e,Get it by 7 Oct
06-Oct-2024,ZDB483D6,travel-yoga-mat-non-slip-exercise-suede-mat-with-carry-bag-all-purpose-fitness-mat-with-high-density-anti-tear-surface-for-women-ideal-for-pilates-workout,ShebSheb,3.6,6,N,N/A,69.90,N,53,https://www.noon.com/uae-en/travel-yoga-mat-non-slip-exercise-suede-mat-with-carry-bag-all-purpose-fitness-mat-with-high-density-anti-tear-surface-for-women-ideal-for-pilates-workout/ZDB483D62227AFCDCAD2BZ/p/?o=cd3a3a68b782cc5f,N/A
06-Oct-2024,N2146285,4-packs-cooling-towel-0-08x39-4x11-4inch,U-pick,4.2,84,N,30.45,24.65,Y,54,https://www.noon.com/uae-en/4-packs-cooling-towel-0-08x39-4x11-4inch/N21462859A/p/?o=e1aa16341fd9ce5e,Get it by 7 Oct
06-Oct-2024,ZF12EE3B,mela-non-slip-yoga-mat-for-home-gym-6mm-thick-eco-friendly-tpe-cushioned-exercise-mat-with-carry-strap-perfect-for-yoga-pilates-fitness-training-gymnastics-essentials-blue,MELA,N/A,N/A,N,119,79.95,Y,55,https://www.noon.com/uae-en/mela-non-slip-yoga-mat-for-home-gym-6mm-thick-eco-friendly-tpe-cushioned-exercise-mat-with-carry-strap-perfect-for-yoga-pilates-fitness-training-gymnastics-essentials-blue/ZF12EE3B5F1EF3A193C60Z/p/?o=zf12ee3b5f1ef3a193c60z-1,Get it by 7 Oct
06-Oct-2024,ZA6A1060,women-s-yoga-socks-split-toe-non-slip-socks-pilates-socks-five-toe-sports-socks-black,HaveDream,N/A,N/A,N,28,23,Y,56,https://www.noon.com/uae-en/women-s-yoga-socks-split-toe-non-slip-socks-pilates-socks-five-toe-sports-socks-black/ZA6A106027233DA7D7739Z/p/?o=za6a106027233da7d7739z-1,Get it by 7 Oct
06-Oct-2024,ZC462B19,2mm-foldable-cranberry-point-yoga-mat,Gaiam,5.0,1,N,125,39,N,57,https://www.noon.com/uae-en/2mm-foldable-cranberry-point-yoga-mat/ZC462B190BD7C61A1331AZ/p/?o=c966739980623e7b,N/A
06-Oct-2024,Z66B112C,6mm-anti-slip-tpe-yoga-mat-with-strap-bag-knee-support-non-slip-lightweight-for-yoga-pilates-fitness-home-workouts-183-66-cm-gold-black,RIGID,4.4,11,N,89.95,83.50,Y,58,https://www.noon.com/uae-en/6mm-anti-slip-tpe-yoga-mat-with-strap-bag-knee-support-non-slip-lightweight-for-yoga-pilates-fitness-home-workouts-183-66-cm-gold-black/Z66B112C708303963BEC4Z/p/?o=z66b112c708303963bec4z-1,Get it by 7 Oct
06-Oct-2024,Z6744CF0,12-pack-puzzle-exercise-floor-mat-eva-foam-mats-with-interlocking-floor-tiles-12-x-12-foam-gym-mat-protective-flooring-mats-interlocking-for-home-and-gym-equipment,GROIC,3.1,5,N,200,81.60,Y,59,https://www.noon.com/uae-en/12-pack-puzzle-exercise-floor-mat-eva-foam-mats-with-interlocking-floor-tiles-12-x-12-foam-gym-mat-protective-flooring-mats-interlocking-for-home-and-gym-equipment/Z6744CF0C300C15718ECAZ/p/?o=z6744cf0c300c15718ecaz-1,Get it by 7 Oct
06-Oct-2024,N4879718,yoga-foam-roller,Cool,4.4,14,N,120,42.25,Y,60,https://www.noon.com/uae-en/yoga-foam-roller/N48797189A/p/?o=c194847cd94e357c,Get it by 7 Oct
06-Oct-2024,N2146236,yoga-blocks-2-pack-eva-foam-yoga-exercise-bricks-3x9x5inch,MoKo,4.6,13,N,N/A,23,N,61,https://www.noon.com/uae-en/yoga-blocks-2-pack-eva-foam-yoga-exercise-bricks-3x9x5inch/N21462369A/p/?o=ff2eb3323e48878e,N/A
06-Oct-2024,Z3859B43,yoga-mat-non-slip-yoga-mat-with-strap-included-10mm-thick-exercise-mat-yoga-and-many-other-home-workouts,Spall,4.8,4,N,80,35,N,62,https://www.noon.com/uae-en/yoga-mat-non-slip-yoga-mat-with-strap-included-10mm-thick-exercise-mat-yoga-and-many-other-home-workouts/Z3859B43C495F32F447DCZ/p/?o=z3859b43c495f32f447dcz-1,Get it by 8 Oct
06-Oct-2024,ZDF70489,quick-dry-microfiber-absorbent-towel-set-of-l-s-buttoned-loop-with-pouch-compact-lightweight-antibacterial-for-beach-travel-camping-gym-workout-sports-yoga-fitness-hiking-with-shapeup-brand-keychain,SHAPE,5.0,3,N,110,84,Y,63,https://www.noon.com/uae-en/quick-dry-microfiber-absorbent-towel-set-of-l-s-buttoned-loop-with-pouch-compact-lightweight-antibacterial-for-beach-travel-camping-gym-workout-sports-yoga-fitness-hiking-with-shapeup-brand-keychain/ZDF70489150C22B11DC1CZ/p/?o=zdf70489150c22b11dc1cz-1,Get it by 7 Oct
06-Oct-2024,Z4247101,yoga-mat-non-slip-yoga-mat-with-strap-included-10mm-thick-exercise-mat-yoga-and-many-other-home-workouts,Spall,5.0,2,N,80,35,N,64,https://www.noon.com/uae-en/yoga-mat-non-slip-yoga-mat-with-strap-included-10mm-thick-exercise-mat-yoga-and-many-other-home-workouts/Z4247101839A17521A8B9Z/p/?o=z4247101839a17521a8b9z-1,Get it by 8 Oct
06-Oct-2024,Z3E2E257,mahmir-eva-foam-roller-for-yoga-deep-tissue-massage-stretching-physical-therapy-relieve-stress-improve-mobility-with-foam-roller-for-legs-and-muscles-deep-tissue-massage-tool-purple,MahMir,N/A,N/A,N,N/A,29.95,N,65,https://www.noon.com/uae-en/mahmir-eva-foam-roller-for-yoga-deep-tissue-massage-stretching-physical-therapy-relieve-stress-improve-mobility-with-foam-roller-for-legs-and-muscles-deep-tissue-massage-tool-purple/Z3E2E257C831381D4E87DZ/p/?o=d4079efcfcdd6bfe,N/A
06-Oct-2024,ZFC2F5FD,yoga-mat-6mm-with-alignments-anti-slip-tpe-yoga-mat-with-carry-bag-precision-alignment-lines-lightweight-durable-for-all-fitness-exercises-thick-training-mat-183-66cm-green,RIGID,5.0,6,N,95,75.85,Y,66,https://www.noon.com/uae-en/yoga-mat-6mm-with-alignments-anti-slip-tpe-yoga-mat-with-carry-bag-precision-alignment-lines-lightweight-durable-for-all-fitness-exercises-thick-training-mat-183-66cm-green/ZFC2F5FDADFE479BB0DF4Z/p/?o=zfc2f5fdadfe479bb0df4z-1,Get it by 7 Oct
06-Oct-2024,ZB632C9D,non-slip-socks-women-fashion-all-season-socks-sports-casual-simple-striped-colors-for-pilates-yoga-barre-ballet-dance-fitness-football-hospital-mid-tube-socks-free-size-3-pair,Depend,5.0,1,N,N/A,75,Y,67,https://www.noon.com/uae-en/non-slip-socks-women-fashion-all-season-socks-sports-casual-simple-striped-colors-for-pilates-yoga-barre-ballet-dance-fitness-football-hospital-mid-tube-socks-free-size-3-pair/ZB632C9DAF2781BC9181BZ/p/?o=zb632c9daf2781bc9181bz-1,Get it by 7 Oct
06-Oct-2024,ZE9BC568,thick-yoga-mat-8mm-knees-supportive-exercise-mat-for-yoga-pilates-fitness-exercises-and-home-exercise-fitness-mat-non-slip-yoga-gym-mat-with-carrying-bag-183-66cm-gold-black,RIGID,4.5,47,N,130.25,95.50,Y,68,https://www.noon.com/uae-en/thick-yoga-mat-8mm-knees-supportive-exercise-mat-for-yoga-pilates-fitness-exercises-and-home-exercise-fitness-mat-non-slip-yoga-gym-mat-with-carrying-bag-183-66cm-gold-black/ZE9BC56837C893BAD2931Z/p/?o=ze9bc56837c893bad2931z-1,Get it by 7 Oct
06-Oct-2024,Z0540288,resistance-bands-professional-exercise-bands-long-natural-latex-elastic-bands,SYOSI,4.7,12,N,N/A,32.70,N,69,https://www.noon.com/uae-en/resistance-bands-professional-exercise-bands-long-natural-latex-elastic-bands/Z05402886C913AB3EEB09Z/p/?o=e49140bbbf45dedc,N/A
06-Oct-2024,ZEC84DB1,yoga-stretch-strap-belt-waist-leg-fitness-athletic-stretch-band-with-metal-d-ring-buckle-loop-for-yoga-pilates-physical-therapy-dance-gym-workouts-exercise-fitness-purple,ECVV,N/A,N/A,N,N/A,21.40,Y,70,https://www.noon.com/uae-en/yoga-stretch-strap-belt-waist-leg-fitness-athletic-stretch-band-with-metal-d-ring-buckle-loop-for-yoga-pilates-physical-therapy-dance-gym-workouts-exercise-fitness-purple/ZEC84DB1467D14E109E7FZ/p/?o=zec84db1467d14e109e7fz-1,Get it by 7 Oct
06-Oct-2024,N2003489,anti-tear-exercise-mat-with-carrying-strap-60x10cm,Generic,4.3,1.4K,N,648,35.55,Y,71,https://www.noon.com/uae-en/anti-tear-exercise-mat-with-carrying-strap-60x10cm/N20034892A/p/?o=fc5fc96b5ab2231d,Get it by 7 Oct
06-Oct-2024,Z1A0EB1E,2-pair-sandbag-for-leg-weights-and-wrist-weights-with-adjustable-strap-for-fitness-resistance-training-running-training-exercise-gym-running-sandbag,RIOXS,5.0,2,N,85,50.05,Y,72,https://www.noon.com/uae-en/2-pair-sandbag-for-leg-weights-and-wrist-weights-with-adjustable-strap-for-fitness-resistance-training-running-training-exercise-gym-running-sandbag/Z1A0EB1E6C4C1E349C57CZ/p/?o=z1a0eb1e6c4c1e349c57cz-1,N/A
06-Oct-2024,ZB6E61CE,mahmir-yoga-cork-block-supportive-sustainable-cork-with-non-slip-surface-exercise-accessory-for-yoga-pilates-and-general-fitness-natural-cork-blocks-size-9-x6-x3-2pcs-pack,MahMir,5.0,2,N,69.95,59.95,N,73,https://www.noon.com/uae-en/mahmir-yoga-cork-block-supportive-sustainable-cork-with-non-slip-surface-exercise-accessory-for-yoga-pilates-and-general-fitness-natural-cork-blocks-size-9-x6-x3-2pcs-pack/ZB6E61CE23B29DAF85955Z/p/?o=fae71ce02e9b7d0e,N/A
06-Oct-2024,N4486004,yoga-column-foam-roller-hollow-massage-bar-fitness-equipment-14-33cm,kings,3.7,7,N,38.15,30.90,Y,74,https://www.noon.com/uae-en/yoga-column-foam-roller-hollow-massage-bar-fitness-equipment-14-33cm/N44860044A/p/?o=a0467bb41047892c,N/A
06-Oct-2024,Z576A0EB,yoga-mat-6mm-with-alignments-anti-slip-tpe-yoga-mat-with-carry-bag-precision-alignment-lines-double-colors-lightweight-durable-for-all-fitness-exercises-183-66cm-0-6cm-thick,RIGID,4.8,13,N,96,75.85,Y,75,https://www.noon.com/uae-en/yoga-mat-6mm-with-alignments-anti-slip-tpe-yoga-mat-with-carry-bag-precision-alignment-lines-double-colors-lightweight-durable-for-all-fitness-exercises-183-66cm-0-6cm-thick/Z576A0EBA8EADCC851199Z/p/?o=z576a0eba8eadcc851199z-1,Get it by 7 Oct
06-Oct-2024,N4325038,acupressure-mat-66-x-42cm,Rock,5.0,1,N,N/A,48.15,N,76,https://www.noon.com/uae-en/acupressure-mat-66-x-42cm/N43250380A/p/?o=df61c26ed615462f,N/A
06-Oct-2024,N1568697,yoga-foam-roller,QiaoKai,4.7,15,N,29,27.20,Y,77,https://www.noon.com/uae-en/yoga-foam-roller/N15686973A/p/?o=f6b62ede8d22205d,Get it by 7 Oct
06-Oct-2024,N4854735,anti-tear-exercise-mat-with-carrying-strap-60x15cm,limodo,4.9,14,N,45.95,37.20,Y,78,https://www.noon.com/uae-en/anti-tear-exercise-mat-with-carrying-strap-60x15cm/N48547358A/p/?o=a73e68c31e339e8c,Get it by 7 Oct
06-Oct-2024,Z48ED3C6,yoga-socks-for-non-slip-women-sock-five-toe-with-grips-toeless-one-size-for-yoga-barre-pilates-dance,GROIC,5.0,2,N,100,28.30,N,79,https://www.noon.com/uae-en/yoga-socks-for-non-slip-women-sock-five-toe-with-grips-toeless-one-size-for-yoga-barre-pilates-dance/Z48ED3C6D1547FC65E273Z/p/?o=a51de5aabc8593cd,N/A
06-Oct-2024,N4325038,acupressure-spike-mat-66-x-42cm,Rock,4.3,4,N,N/A,47,N,80,https://www.noon.com/uae-en/acupressure-spike-mat-66-x-42cm/N43250382A/p/?o=c8e8c060cb1c6c6a,N/A
06-Oct-2024,Z7171575,2-piece-set-of-yoga-props-bricks,ZCM-HAPPY,4.7,7,N,N/A,25,Y,81,https://www.noon.com/uae-en/2-piece-set-of-yoga-props-bricks/Z717157531B847D80D1F9Z/p/?o=z717157531b847d80d1f9z-1,Get it by 7 Oct
06-Oct-2024,ZE3FFF1B,yoga-fitness-exercise-ball-with-air-pump-75cm,ZCM-HAPPY,5.0,2,N,55,33,Y,82,https://www.noon.com/uae-en/yoga-fitness-exercise-ball-with-air-pump-75cm/ZE3FFF1B6FFB81E419224Z/p/?o=ze3fff1b6ffb81e419224z-1,Get it by 7 Oct
06-Oct-2024,N2733050,2-piece-sand-weight-bags-set-for-feet-2kg,Fitness,4.7,26,N,35.95,30.05,N,83,https://www.noon.com/uae-en/2-piece-sand-weight-bags-set-for-feet-2kg/N27330508A/p/?o=e928a4194c4d044f,N/A
06-Oct-2024,Z4FDF649,gym-towel-black,Applied,N/A,N/A,N,N/A,11.10,Y,84,https://www.noon.com/uae-en/gym-towel-black/Z4FDF649EAA6C7E365B89Z/p/?o=z4fdf649eaa6c7e365b89z-1,Get it by 7 Oct
06-Oct-2024,N1671879,anti-skid-yoga-mat,Emfil,4.5,381,N,32.50,27,N,85,https://www.noon.com/uae-en/anti-skid-yoga-mat/N16718794A/p/?o=a573f487ed6990be,Get it by 9 Oct
06-Oct-2024,Z184FBC1,stretch-strap-with-exercise-guide-versatile-multi-loop-perfect-for-yoga-pilates-and-physical-therapy-portable-helps-improve-flexibility,ORiTi,4.6,2,N,29,28,N,86,https://www.noon.com/uae-en/stretch-strap-with-exercise-guide-versatile-multi-loop-perfect-for-yoga-pilates-and-physical-therapy-portable-helps-improve-flexibility/Z184FBC1B30D0C5DACA2DZ/p/?o=ba48ce0bf65a2c5f,N/A
06-Oct-2024,N4331832,4-speed-electric-vibration-massager-foam-roller-12-2-x-6inch,Rock,5.0,5,N,241,98.95,Y,87,https://www.noon.com/uae-en/4-speed-electric-vibration-massager-foam-roller-12-2-x-6inch/N43318329A/p/?o=d4082700b720061e,Get it by 7 Oct
06-Oct-2024,N1624188,anti-burst-gymball-30inch,BODY,4.1,6,N,95,65.65,N,88,https://www.noon.com/uae-en/anti-burst-gymball-30inch/N16241886A/p/?o=c0e12db586759f2b,N/A
06-Oct-2024,Z670288C,women-s-yoga-socks-split-toe-non-slip-socks-pilates-socks-five-toe-sports-socks-light-green,HaveDream,N/A,N/A,N,28,21,Y,89,https://www.noon.com/uae-en/women-s-yoga-socks-split-toe-non-slip-socks-pilates-socks-five-toe-sports-socks-light-green/Z670288C6FB154958BEEFZ/p/?o=z670288c6fb154958beefz-1,Get it by 7 Oct
06-Oct-2024,Z8AA76A3,sit-up-fitness-equipment-with-non-slip-yoga-mat-portable-push-up-bar-adjustable-multifunction-abdominal-device-exercise-for-home-gym,RIOXS,N/A,N/A,N,95,64.80,Y,90,https://www.noon.com/uae-en/sit-up-fitness-equipment-with-non-slip-yoga-mat-portable-push-up-bar-adjustable-multifunction-abdominal-device-exercise-for-home-gym/Z8AA76A37502FFA504022Z/p/?o=z8aa76a37502ffa504022z-1,Get it by 7 Oct
06-Oct-2024,Z4FBC5C3,rope-skipping-soundproof-mats-shock-absorbing-mats-large-yoga-mats-padded-indoor-sports-mats-and-static-for-fitness-users-sound-cushion,Arabest,N/A,N/A,N,N/A,52.20,Y,91,https://www.noon.com/uae-en/rope-skipping-soundproof-mats-shock-absorbing-mats-large-yoga-mats-padded-indoor-sports-mats-and-static-for-fitness-users-sound-cushion/Z4FBC5C3351A2A3E1283BZ/p/?o=z4fbc5c3351a2a3e1283bz-1,Get it by 7 Oct
06-Oct-2024,Z1506E1B,women-s-yoga-socks-split-toe-non-slip-socks-pilates-socks-five-toe-sports-socks-light-orange,HaveDream,N/A,N/A,N,28,22.50,Y,92,https://www.noon.com/uae-en/women-s-yoga-socks-split-toe-non-slip-socks-pilates-socks-five-toe-sports-socks-light-orange/Z1506E1B0B63F5F3D58B6Z/p/?o=z1506e1b0b63f5f3d58b6z-1,Get it by 7 Oct
06-Oct-2024,Z5E12515,3-pairs-of-running-yoga-non-slip-shoes-and-socks-women-s-five-finger-running-socks-with-grip,SYOSI,N/A,N/A,N,63.45,52.05,Y,93,https://www.noon.com/uae-en/3-pairs-of-running-yoga-non-slip-shoes-and-socks-women-s-five-finger-running-socks-with-grip/Z5E1251571777B6F478EFZ/p/?o=z5e1251571777b6f478efz-1,Get it by 7 Oct
06-Oct-2024,Z66D7264,low-back-leg-stretch-belt-leg-stretch-belt-auxiliary-trainer-aerial-yoga-hammock-yoga-fitness-belt-back-bending-split-reversal-belt-fitness-dance-gymnastics-training-accessories,GROIC,2.5,6,N,200,55.65,N,94,https://www.noon.com/uae-en/low-back-leg-stretch-belt-leg-stretch-belt-auxiliary-trainer-aerial-yoga-hammock-yoga-fitness-belt-back-bending-split-reversal-belt-fitness-dance-gymnastics-training-accessories/Z66D7264FCDA098864D4DZ/p/?o=f22801a739d2b0fb,N/A
06-Oct-2024,Z6AA422C,extra-thick-high-density-anti-tear-exercise-yoga-mat,Generic,5.0,2,N,648,29,Y,95,https://www.noon.com/uae-en/extra-thick-high-density-anti-tear-exercise-yoga-mat/Z6AA422C01041A12BF086Z/p/?o=z6aa422c01041a12bf086z-1,Get it by 7 Oct
06-Oct-2024,Z2914C70,2-pack-yoga-blocks-high-density-eva-foam-blocks-for-yoga-pilates-meditation-aid-balance-support-and-deepen-poses-body-stretching-foam-blocks-yoga-brick-foam-blocks,GROIC,N/A,N/A,N,400,86.90,Y,96,https://www.noon.com/uae-en/2-pack-yoga-blocks-high-density-eva-foam-blocks-for-yoga-pilates-meditation-aid-balance-support-and-deepen-poses-body-stretching-foam-blocks-yoga-brick-foam-blocks/Z2914C701906AE24212C7Z/p/?o=z2914c701906ae24212c7z-1,Get it by 7 Oct
06-Oct-2024,N1652961,yoga-ball-with-air-pump-65-cm-65cm,body,4.3,58,N,N/A,37,Y,97,https://www.noon.com/uae-en/yoga-ball-with-air-pump-65-cm-65cm/N16529616A/p/?o=be578ba74d4a4a8f,Get it by 7 Oct
06-Oct-2024,Z8DE7372,sports-yoga-socks-for-women-pack-of-3-pairs,LIMOS,5.0,8,N,N/A,39,Y,98,https://www.noon.com/uae-en/sports-yoga-socks-for-women-pack-of-3-pairs/Z8DE7372A006C4309D78BZ/p/?o=z8de7372a006c4309d78bz-1,Get it by 7 Oct
06-Oct-2024,Z3ECE31D,thick-yoga-mat-8mm-knees-supportive-exercise-mat-for-yoga-pilates-fitness-exercises-and-home-exercise-fitness-mat-non-slip-yoga-gym-mat-with-carrying-bag-183-66cm-green-black,RIGID,4.1,14,N,130.25,109.75,Y,99,https://www.noon.com/uae-en/thick-yoga-mat-8mm-knees-supportive-exercise-mat-for-yoga-pilates-fitness-exercises-and-home-exercise-fitness-mat-non-slip-yoga-gym-mat-with-carrying-bag-183-66cm-green-black/Z3ECE31D6665E7DFAC159Z/p/?o=z3ece31d6665e7dfac159z-1,Get it by 7 Oct
06-Oct-2024,ZE040488,pilates-fitness-circle-ring-38x38centimeter,ZCM-HAPPY,N/A,N/A,N,35,29,Y,100,https://www.noon.com/uae-en/pilates-fitness-circle-ring-38x38centimeter/ZE040488403D5B0D95371Z/p/?o=ze040488403d5b0d95371z-1,Get it by 7 Oct
06-Oct-2024,ZA3EF4D0,yoga-mat-non-slip-yoga-mat-with-strap-included-10mm-thick-exercise-mat-yoga-and-many-other-home-workouts,Spall,5.0,1,N,80,35,N,101,https://www.noon.com/uae-en/yoga-mat-non-slip-yoga-mat-with-strap-included-10mm-thick-exercise-mat-yoga-and-many-other-home-workouts/ZA3EF4D0BF060CAC7F4CDZ/p/?o=za3ef4d0bf060cac7f4cdz-1,Get it by 8 Oct
06-Oct-2024,Z636FA29,terra-non-slip-suede-top-1mm-travel-yoga-mat,Prickly,N/A,N/A,N,N/A,160,Y,102,https://www.noon.com/uae-en/terra-non-slip-suede-top-1mm-travel-yoga-mat/Z636FA29EB7F362A87262Z/p/?o=z636fa29eb7f362a87262z-1,Get it by 7 Oct
06-Oct-2024,Z751D8E9,mela-non-slip-yoga-mat-for-home-gym-6mm-thick-eco-friendly-tpe-cushioned-exercise-mat-with-carry-strap-perfect-for-yoga-pilates-fitness-training-gymnastics-essentials-grey,MELA,N/A,N/A,N,119,79.95,Y,103,https://www.noon.com/uae-en/mela-non-slip-yoga-mat-for-home-gym-6mm-thick-eco-friendly-tpe-cushioned-exercise-mat-with-carry-strap-perfect-for-yoga-pilates-fitness-training-gymnastics-essentials-grey/Z751D8E977554B1EF4AAAZ/p/?o=z751d8e977554b1ef4aaaz-1,Get it by 7 Oct
06-Oct-2024,ZCAFC184,5kg-sandbell-sandbag-filled-exercise-pattern-workout-bag-use-at-home-gym-equipment-an-anywhere-sand-bag-kettlebell-ships-pre-filled-for-fitness,GROIC,4.4,6,N,200,45,N,104,https://www.noon.com/uae-en/5kg-sandbell-sandbag-filled-exercise-pattern-workout-bag-use-at-home-gym-equipment-an-anywhere-sand-bag-kettlebell-ships-pre-filled-for-fitness/ZCAFC184D73864AC47048Z/p/?o=bcbb5d70c1c86e0d,N/A
06-Oct-2024,ZFAEA6BA,2-piece-set-of-yoga-props-bricks,ZCM-HAPPY,5.0,1,N,N/A,25,Y,105,https://www.noon.com/uae-en/2-piece-set-of-yoga-props-bricks/ZFAEA6BA1519488AC1896Z/p/?o=zfaea6ba1519488ac1896z-1,Get it by 7 Oct
06-Oct-2024,N1666011,pair-of-sand-weight-bag-3kg,Fitness,4.1,28,N,41.95,25.25,Y,106,https://www.noon.com/uae-en/pair-of-sand-weight-bag-3kg/N16660112A/p/?o=a009419ac94a76ae,N/A
06-Oct-2024,ZC4C0331,professional-7mm-thick-anti-fatigue-yoga-mat-knees-supportive-anti-slip-fitness-home-exercise-eva-eco-friendly-ideal-for-all-types-of-pilates-floor-abs-belly-tummy-fat-workouts-gym-stretching-90x190cm,DBLEW,N/A,N/A,N,100,38.90,Y,107,https://www.noon.com/uae-en/professional-7mm-thick-anti-fatigue-yoga-mat-knees-supportive-anti-slip-fitness-home-exercise-eva-eco-friendly-ideal-for-all-types-of-pilates-floor-abs-belly-tummy-fat-workouts-gym-stretching-90x190cm/ZC4C03318E131D261B483Z/p/?o=zc4c03318e131d261b483z-1,Get it by 7 Oct
06-Oct-2024,Z303ABA7,leg-stretcher-strap-backbend-training-belt-with-door-anchor-flexibility-trainer-stretching-equipment-assist-stretch-strap-for-fitness-gymnastics-dance-aerial-yoga-ballet,Hihonor,N/A,N/A,N,N/A,49,N,108,https://www.noon.com/uae-en/leg-stretcher-strap-backbend-training-belt-with-door-anchor-flexibility-trainer-stretching-equipment-assist-stretch-strap-for-fitness-gymnastics-dance-aerial-yoga-ballet/Z303ABA78CAF410F9E5D3Z/p/?o=d5e03e06684d6b7e,N/A
06-Oct-2024,Z712491A,2-piece-yoga-block-props-brick,ZCM-HAPPY,5.0,3,N,N/A,25,Y,109,https://www.noon.com/uae-en/2-piece-yoga-block-props-brick/Z712491AD789D5E234AE5Z/p/?o=z712491ad789d5e234ae5z-1,Get it by 7 Oct
06-Oct-2024,N1884228,yoga-ball-65cm,Fitness,3.8,96,N,33.35,30.05,N,110,https://www.noon.com/uae-en/yoga-ball-65cm/N18842285A/p/?o=d5fb2d434e76aacc,N/A
06-Oct-2024,Z274EF3F,ukr-tri-fold-portable-non-slip-yoga-mat-fitness-mat-gym-mat-travel-exercise-training-aerobic-mat-fitness-gym-gymnastics-balance-padded-mat-blue-183x61x2-2-cm,UKR,N/A,N/A,N,123,109.95,Y,111,https://www.noon.com/uae-en/ukr-tri-fold-portable-non-slip-yoga-mat-fitness-mat-gym-mat-travel-exercise-training-aerobic-mat-fitness-gym-gymnastics-balance-padded-mat-blue-183x61x2-2-cm/Z274EF3F6E0CF52B104EEZ/p/?o=z274ef3f6e0cf52b104eez-1,Get it by 7 Oct
06-Oct-2024,Z2F9046D,yoga-barre-socks-non-slip-anti-skid-sticky-silicone-grips-cotton-for-pilates-gym-pure-ballet-dance-barefoot-workout-ankle-multiuse-black-grey-skin-color-3pcs,Y&D,N/A,N/A,N,69,50,Y,112,https://www.noon.com/uae-en/yoga-barre-socks-non-slip-anti-skid-sticky-silicone-grips-cotton-for-pilates-gym-pure-ballet-dance-barefoot-workout-ankle-multiuse-black-grey-skin-color-3pcs/Z2F9046D53376D3F6A8B7Z/p/?o=z2f9046d53376d3f6a8b7z-1,Get it by 7 Oct
06-Oct-2024,ZB9CDE67,durable-and-comfy-texture-yoga-belt-strap-for-stretching-with-extra-safe-adjustable-d-ring-buckle,BOLDFIT,5.0,1,N,59,39,Y,113,https://www.noon.com/uae-en/durable-and-comfy-texture-yoga-belt-strap-for-stretching-with-extra-safe-adjustable-d-ring-buckle/ZB9CDE67D0E9D26CAE10DZ/p/?o=zb9cde67d0e9d26cae10dz-1,Get it by 7 Oct
06-Oct-2024,Z603FF8F,yoga-mat-for-women-and-men-extra-long-and-wide-exercise-mat-72-x24-large-non-slip-workout-mat-for-yoga-pilates-fitness-barefoot-workouts-home-gym-studio,URbazaar,N/A,N/A,N,59.90,54.90,Y,114,https://www.noon.com/uae-en/yoga-mat-for-women-and-men-extra-long-and-wide-exercise-mat-72-x24-large-non-slip-workout-mat-for-yoga-pilates-fitness-barefoot-workouts-home-gym-studio/Z603FF8FD1BFB572D8D9FZ/p/?o=z603ff8fd1bfb572d8d9fz-1,Get it by 7 Oct
06-Oct-2024,ZAD8031C,yoga-fitness-exercise-ball-with-air-pump-75cm,ZCM-HAPPY,4.4,2,N,N/A,33,Y,115,https://www.noon.com/uae-en/yoga-fitness-exercise-ball-with-air-pump-75cm/ZAD8031CED5EAB0061F80Z/p/?o=zad8031ced5eab0061f80z-1,Get it by 7 Oct
06-Oct-2024,Z2B5045D,6mm-anti-slip-tpe-yoga-mat-with-strap-bag-knee-support-non-slip-lightweight-for-yoga-pilates-fitness-home-workouts-183-66-cm-pink-black,RIGID,4.6,17,N,89.95,83.50,Y,116,https://www.noon.com/uae-en/6mm-anti-slip-tpe-yoga-mat-with-strap-bag-knee-support-non-slip-lightweight-for-yoga-pilates-fitness-home-workouts-183-66-cm-pink-black/Z2B5045D950DFD7AE4E59Z/p/?o=z2b5045d950dfd7ae4e59z-1,Get it by 7 Oct
06-Oct-2024,N4966878,5-piece-elastic-resistance-band-set,Fitness,4.5,35,N,N/A,30.80,Y,117,https://www.noon.com/uae-en/5-piece-elastic-resistance-band-set/N49668789A/p/?o=d86690573dd8680e,Get it by 7 Oct
06-Oct-2024,ZAD955A6,microfiber-quick-dry-towels-silver-ion-technology-towel-super-absorbent-gym-towel-ideal-sweat-towel-for-fitness-camping-travel-suitable-for-men-women-77x40cm-set-of-3,RIGID,4.4,8,N,N/A,76,N,118,https://www.noon.com/uae-en/microfiber-quick-dry-towels-silver-ion-technology-towel-super-absorbent-gym-towel-ideal-sweat-towel-for-fitness-camping-travel-suitable-for-men-women-77x40cm-set-of-3/ZAD955A6E63B552CF2087Z/p/?o=d824eec06093747d,N/A
06-Oct-2024,N3414607,massage-foam-roller,321,5.0,16,N,38,37.05,N,119,https://www.noon.com/uae-en/massage-foam-roller/N34146072A/p/?o=a92a320a68a7204c,N/A
06-Oct-2024,ZFF6D188,anti-slip-fitness-exercise-gym-yoga-mats-4mm-thick-for-indoor-and-outdoor-61x173cm-multicolor,Toshionics,3.7,3,N,60,31.75,Y,120,https://www.noon.com/uae-en/anti-slip-fitness-exercise-gym-yoga-mats-4mm-thick-for-indoor-and-outdoor-61x173cm-multicolor/ZFF6D1886AAD421874DF1Z/p/?o=zff6d1886aad421874df1z-1,Get it by 7 Oct
06-Oct-2024,Z131EFE3,yoga-mats-anti-slip-sport-fitness-mat-blanket-for-exercise-yoga-and-pilates-gymnastics-mat-fitness-equipment-6mm,Spall,N/A,N/A,N,50,37,Y,121,https://www.noon.com/uae-en/yoga-mats-anti-slip-sport-fitness-mat-blanket-for-exercise-yoga-and-pilates-gymnastics-mat-fitness-equipment-6mm/Z131EFE3A0A418553788CZ/p/?o=z131efe3a0a418553788cz-1,Get it by 7 Oct
06-Oct-2024,N3011671,yoga-foam-bricks-fitness-equinment-block-9-x-6-x-3cm,Motim,N/A,N/A,N,N/A,24.45,Y,122,https://www.noon.com/uae-en/yoga-foam-bricks-fitness-equinment-block-9-x-6-x-3cm/N30116717A/p/?o=ef82480bd4a1649f,Get it by 7 Oct
06-Oct-2024,Z537AAA5,ab-roller-for-abs-workout-pilates-bar-kit-with-resistance-band-set-exercise-bar-with-ab-roller-yoga-stretching-equipment-core-strength-training-equipment-portable-home-gym-for-men-and-women,GROIC,N/A,N/A,N,200,110.95,N,123,https://www.noon.com/uae-en/ab-roller-for-abs-workout-pilates-bar-kit-with-resistance-band-set-exercise-bar-with-ab-roller-yoga-stretching-equipment-core-strength-training-equipment-portable-home-gym-for-men-and-women/Z537AAA58F5ED089134C9Z/p/?o=baf9e48161d15c0d,N/A
06-Oct-2024,N2003489,anti-tear-exercise-mat-with-carrying-strap,Generic,4.5,1.1K,N,239,34.70,Y,124,https://www.noon.com/uae-en/anti-tear-exercise-mat-with-carrying-strap/N20034893A/p/?o=d6f1ea275e88dc5d,Get it by 7 Oct
06-Oct-2024,N1568696,pilates-and-yoga-rubber-resistance-band,QiaoKai,3.7,50,N,N/A,18.75,Y,125,https://www.noon.com/uae-en/pilates-and-yoga-rubber-resistance-band/N15686964A/p/?o=fab8abbb78d9beab,Get it by 7 Oct
06-Oct-2024,N1652962,yoga-ball-with-air-pump-85-cm-85cm,body,4.0,120,N,N/A,44.95,N,126,https://www.noon.com/uae-en/yoga-ball-with-air-pump-85-cm-85cm/N16529625A/p/?o=ee7bf77231bb45bd,N/A
06-Oct-2024,N5182222,unisex-tpe-yoga-mat-183-61-0-5cm,N.E.A.T,N/A,N/A,N,N/A,169,N,127,https://www.noon.com/uae-en/unisex-tpe-yoga-mat-183-61-0-5cm/N51822224A/p/?o=f345a87462a35f5f,Get it by 9 Oct
06-Oct-2024,Z25D4BDA,6mm-premium-mandala-yoga-mat,Gaiam,N/A,N/A,N,165,52,Y,128,https://www.noon.com/uae-en/6mm-premium-mandala-yoga-mat/Z25D4BDA82C9769BF5FBBZ/p/?o=z25d4bda82c9769bf5fbbz-1,Get it by 7 Oct
06-Oct-2024,ZD8EDDD3,pilates-bar-kit-with-resistance-bands-6-x-resistance-bands-3-section-pilates-bar-with-stackable-bands-workout-equipment-for-legs-hip-waist-and-arm-exercise-fitness-equipment-for-adult,GROIC,5.0,1,N,200,109.95,Y,129,https://www.noon.com/uae-en/pilates-bar-kit-with-resistance-bands-6-x-resistance-bands-3-section-pilates-bar-with-stackable-bands-workout-equipment-for-legs-hip-waist-and-arm-exercise-fitness-equipment-for-adult/ZD8EDDD325573EC7B2A21Z/p/?o=zd8eddd325573ec7b2a21z-1,Get it by 7 Oct
06-Oct-2024,N1666008,exercise-swiss-ball-75cm,Fitness,4.2,48,N,38,30.05,Y,130,https://www.noon.com/uae-en/exercise-swiss-ball-75cm/N16660086A/p/?o=f8e727a9bac64c8b,Get it by 7 Oct
06-Oct-2024,Z4521303,5-pcs-different-colors-of-resistance-band-for-leg-hip-and-hip-strength-training-yoga-stretch-elastic-band-fitness-elastic-and-tension-band-yoga-products-in-home-gym-outdoors,WAOKN,5.0,1,N,86.45,36.65,Y,131,https://www.noon.com/uae-en/5-pcs-different-colors-of-resistance-band-for-leg-hip-and-hip-strength-training-yoga-stretch-elastic-band-fitness-elastic-and-tension-band-yoga-products-in-home-gym-outdoors/Z4521303BE3EA2B4B2A22Z/p/?o=z4521303be3ea2b4b2a22z-1,Get it by 7 Oct
06-Oct-2024,Z8E2E75E,fitness-mat-10mm-dark-green,Adidas,N/A,N/A,N,155,142.30,Y,132,https://www.noon.com/uae-en/fitness-mat-10mm-dark-green/Z8E2E75E9B01F70A5C6DAZ/p/?o=z8e2e75e9b01f70a5c6daz-1,Get it by 7 Oct
06-Oct-2024,Z788232A,2-piece-yoga-block-props-brick,ZCM-HAPPY,4.3,4,N,N/A,25,Y,133,https://www.noon.com/uae-en/2-piece-yoga-block-props-brick/Z788232ABE3508B6DF27EZ/p/?o=z788232abe3508b6df27ez-1,Get it by 7 Oct
06-Oct-2024,ZE9AB84A,4-in-1-yoga-roller-set-trigger-point-yoga-roller-massage-roller-stick-massage-ball-for-deep-stretching-muscle-massage-pilates-yoga-fitness-exercise-for-whole-body-release,GROIC,5.0,2,N,200,92.95,Y,134,https://www.noon.com/uae-en/4-in-1-yoga-roller-set-trigger-point-yoga-roller-massage-roller-stick-massage-ball-for-deep-stretching-muscle-massage-pilates-yoga-fitness-exercise-for-whole-body-release/ZE9AB84A227A954972F0EZ/p/?o=ze9ab84a227a954972f0ez-1,Get it by 7 Oct
06-Oct-2024,N3738061,11-piece-yoga-resistance-belt-with-bag-22x6x19-00cm,LIXADA,4.3,107,N,32,23,N,135,https://www.noon.com/uae-en/11-piece-yoga-resistance-belt-with-bag-22x6x19-00cm/N37380614A/p/?o=f47d3bca5f3b875e,N/A
06-Oct-2024,N3854435,body-builder-yoga-roller-42x14x14cm,Body,4.5,35,N,38,27.40,Y,136,https://www.noon.com/uae-en/body-builder-yoga-roller-42x14x14cm/N38544352A/p/?o=cc0cf21e314b206d,Get it by 7 Oct
06-Oct-2024,ZAAF4543,prolite-yoga-mat-indulge-71-inch,Manduka,N/A,N/A,N,N/A,490,N,137,https://www.noon.com/uae-en/prolite-yoga-mat-indulge-71-inch/ZAAF4543ABA27716CF7AFZ/p/?o=zaaf4543aba27716cf7afz-1,Get it by 11 Oct
06-Oct-2024,N3051079,pack-of-2-yoga-block-brick-foams,Generic,4.3,12,N,32,28.80,Y,138,https://www.noon.com/uae-en/pack-of-2-yoga-block-brick-foams/N30510793A/p/?o=e88fea5b774407af,Get it by 7 Oct
06-Oct-2024,Z99E3915,lifting-leggings-for-woman-high-waisted-seamless-yoga-compression-pants-gym-workout-tights-fitness-pants,GROIC,N/A,N/A,N,N/A,79.20,Y,139,https://www.noon.com/uae-en/lifting-leggings-for-woman-high-waisted-seamless-yoga-compression-pants-gym-workout-tights-fitness-pants/Z99E39156A28E9886EBE3Z/p/?o=z99e39156a28e9886ebe3z-1,Get it by 7 Oct
06-Oct-2024,N1652962,yoga-ball-with-air-pump-85-cm-85cm,body,3.9,76,N,38.95,31.55,N,140,https://www.noon.com/uae-en/yoga-ball-with-air-pump-85-cm-85cm/N16529626A/p/?o=d79bbd8ff82520cc,N/A
06-Oct-2024,ZA3DED90,5-in-1-foam-roller-set-for-deep-tissue-muscle-massage-trigger-point-fitness-exercise-foam-roller-massage-roller-massage-ball-stretching-strap-for-whole-body,GROIC,N/A,N/A,N,200,99.95,N,141,https://www.noon.com/uae-en/5-in-1-foam-roller-set-for-deep-tissue-muscle-massage-trigger-point-fitness-exercise-foam-roller-massage-roller-massage-ball-stretching-strap-for-whole-body/ZA3DED90B9E16F14E8ED0Z/p/?o=ab6a3bdcee76c88a,N/A
06-Oct-2024,N3453904,foldable-non-slip-yoga-mat,yoga,4.4,73,N,N/A,37.75,Y,142,https://www.noon.com/uae-en/foldable-non-slip-yoga-mat/N34539048A/p/?o=a43345d3b1072ded,Get it by 7 Oct
06-Oct-2024,Z6FAF67B,2pcs-20x20cm-yoga-knee-pad-anti-slip-foam-comfortable-yoga-support-pad-sports-balance-cushion-for-protecting-knee-ankle-elbow-hand,DeloPik,N/A,N/A,N,N/A,29,N,143,https://www.noon.com/uae-en/2pcs-20x20cm-yoga-knee-pad-anti-slip-foam-comfortable-yoga-support-pad-sports-balance-cushion-for-protecting-knee-ankle-elbow-hand/Z6FAF67B9A2FACEF545D4Z/p/?o=z6faf67b9a2facef545d4z-1,Get it by 9 Oct
06-Oct-2024,Z000040E,premium-german-technology-powered-yoga-mat-grey-for-workout-yoga-fitness-pilates-and-meditation-high-density-anti-tear-anti-tear-ideal-for-men-women-with-carry-bag-8mm,KETTLER,N/A,N/A,N,99,49,N,144,https://www.noon.com/uae-en/premium-german-technology-powered-yoga-mat-grey-for-workout-yoga-fitness-pilates-and-meditation-high-density-anti-tear-anti-tear-ideal-for-men-women-with-carry-bag-8mm/Z000040EC521961BC1F75Z/p/?o=z000040ec521961bc1f75z-1,Get it by 8 Oct
06-Oct-2024,Z288231E,5-pairs-yoga-socks-for-women-non-slip-grips-straps-non-slip-socks-for-yoga-pilates-ideal-for-pilates-ballet-dance-barefoot-workout,RIOXS,5.0,1,N,99,46.05,Y,145,https://www.noon.com/uae-en/5-pairs-yoga-socks-for-women-non-slip-grips-straps-non-slip-socks-for-yoga-pilates-ideal-for-pilates-ballet-dance-barefoot-workout/Z288231EEFD4008FE0C11Z/p/?o=z288231eefd4008fe0c11z-1,N/A
06-Oct-2024,Z532ED4B,yoga-pilates-ring-fitness-magic-circle-wrap-slimming-body-building-fitness-accessories-foamroller,Maston,5.0,1,N,39,35,Y,146,https://www.noon.com/uae-en/yoga-pilates-ring-fitness-magic-circle-wrap-slimming-body-building-fitness-accessories-foamroller/Z532ED4BF3B873929AEF6Z/p/?o=z532ed4bf3b873929aef6z-1,Get it by 7 Oct
06-Oct-2024,Z240D8A4,facial-neck-lifting-machine-white,Vitacelli,4.6,3,N,85,50,Y,147,https://www.noon.com/uae-en/facial-neck-lifting-machine-white/Z240D8A40A030A377C5B9Z/p/?o=z240d8a40a030a377c5b9z-1,N/A
06-Oct-2024,ZD289F6B,waist-twist-board-fitness-waist-twist-plate-body-sculpting-waist-twist-machine-turntable-aerobic-fitness-equipment-exercise-balance-board-abdominal-muscle-training-board-sports-equipment,GROIC,3.6,10,N,200,67.25,N,148,https://www.noon.com/uae-en/waist-twist-board-fitness-waist-twist-plate-body-sculpting-waist-twist-machine-turntable-aerobic-fitness-equipment-exercise-balance-board-abdominal-muscle-training-board-sports-equipment/ZD289F6BF478600EE2058Z/p/?o=e937a0f17e237c8e,N/A
06-Oct-2024,ZB3BECB6,peanut-ball-exercise-yoga-balance-stability-sitting-anti-burst-ball-for-labor-birthing-kids-sensory-toys-home-gym-fintness-include-pump-strap,SYOSI,3.5,3,N,N/A,81.95,Y,149,https://www.noon.com/uae-en/peanut-ball-exercise-yoga-balance-stability-sitting-anti-burst-ball-for-labor-birthing-kids-sensory-toys-home-gym-fintness-include-pump-strap/ZB3BECB6C88EAD33289D6Z/p/?o=zb3becb6c88ead33289d6z-1,Get it by 7 Oct
06-Oct-2024,N2281521,anti-burst-sports-swiss-yoga-aerobic-body-fitness-ball-65cm,Kanteen,4.4,275,N,44,32,N,150,https://www.noon.com/uae-en/anti-burst-sports-swiss-yoga-aerobic-body-fitness-ball-65cm/N22815219A/p/?o=ecdeba83617ac31e,Get it by 9 Oct
06-Oct-2024,Z455BFBB,seat-cushion-for-office-chair-tailbone-pressure-relief-cushion-coccyx-lower-back-hip-sciatica-pain-relief-pillow-memory-foam-chair-cushions-for-desk-chairs-car-seats-dark-grey,TYCOM,N/A,N/A,N,99,89,Y,151,https://www.noon.com/uae-en/seat-cushion-for-office-chair-tailbone-pressure-relief-cushion-coccyx-lower-back-hip-sciatica-pain-relief-pillow-memory-foam-chair-cushions-for-desk-chairs-car-seats-dark-grey/Z455BFBB20ECDD9C879A9Z/p/?o=z455bfbb20ecdd9c879a9z-1,Get it by 7 Oct
06-Oct-2024,N1408273,portable-pilates-yoga-belt,Kanteen,4.4,320,N,N/A,43.70,Y,152,https://www.noon.com/uae-en/portable-pilates-yoga-belt/N14082739A/p/?o=e3cb4bb50a3adedf,Get it by 7 Oct
06-Oct-2024,ZE7C9F6A,yalla-homegym-30mm-extra-thick-rubber-heavy-duty-gym-floor-mat-commercial-gym-rubber-floor-tiles-shock-absorbing-1-squared-meter-black,Yalla,N/A,N/A,N,N/A,270,N,153,https://www.noon.com/uae-en/yalla-homegym-30mm-extra-thick-rubber-heavy-duty-gym-floor-mat-commercial-gym-rubber-floor-tiles-shock-absorbing-1-squared-meter-black/ZE7C9F6AC8E92A3443C39Z/p/?o=ze7c9f6ac8e92a3443c39z-1,Get it by 9 Oct
06-Oct-2024,Z880BC16,mahmir-yoga-mat-anti-slip-exercise-mat-with-carrying-bag-fitness-mat-for-pilates-183cm-61cm-6mm-thickness-for-woman-man-beginners-dark-green-light-green,MahMir,4.7,7,N,69.95,49.95,Y,154,https://www.noon.com/uae-en/mahmir-yoga-mat-anti-slip-exercise-mat-with-carrying-bag-fitness-mat-for-pilates-183cm-61cm-6mm-thickness-for-woman-man-beginners-dark-green-light-green/Z880BC1691FBB2A8BFF1FZ/p/?o=z880bc1691fbb2a8bff1fz-1,Get it by 7 Oct
06-Oct-2024,ZA3F857E,training-mat-10mm-black,Reebok,N/A,N/A,N,135,126.35,Y,155,https://www.noon.com/uae-en/training-mat-10mm-black/ZA3F857E2B1BB930A24AAZ/p/?o=za3f857e2b1bb930a24aaz-1,Get it by 7 Oct
06-Oct-2024,N1100509,pilates-ring-8ml,BODY,3.7,3,N,65,26.85,N,156,https://www.noon.com/uae-en/pilates-ring-8ml/N11005097A/p/?o=cc61861a43cbaeaf,N/A
06-Oct-2024,ZB7ECA0F,yoga-balance-wheel-18-5cm-7-3in-width-yoga-balance-circle-yoga-prop-wheel-for-yoga-poses-increasing-flexibility-yoga-stretching-wheel-non-slip-perfect-yoga-prop-for-beginner,Gerenic,N/A,N/A,N,N/A,133,Y,157,https://www.noon.com/uae-en/yoga-balance-wheel-18-5cm-7-3in-width-yoga-balance-circle-yoga-prop-wheel-for-yoga-poses-increasing-flexibility-yoga-stretching-wheel-non-slip-perfect-yoga-prop-for-beginner/ZB7ECA0F54587EF32E924Z/p/?o=zb7eca0f54587ef32e924z-1,Get it by 7 Oct
06-Oct-2024,ZA17B19F,peanut-massage-ball-double-lacrosse-ball-deep-tissue-roller-trigger-point-ball-yoga-massage-ball-bodywork-therapy-ball-for-physical-therapy-myofascial-release-muscle-relaxer-acupoint-massage,SYOSI,N/A,N/A,N,N/A,50.75,Y,158,https://www.noon.com/uae-en/peanut-massage-ball-double-lacrosse-ball-deep-tissue-roller-trigger-point-ball-yoga-massage-ball-bodywork-therapy-ball-for-physical-therapy-myofascial-release-muscle-relaxer-acupoint-massage/ZA17B19F2D469C54DD1DFZ/p/?o=za17b19f2d469c54dd1dfz-1,Get it by 7 Oct
06-Oct-2024,ZF6C53F4,yoga-balance-wheel-18-5cm-7-3in-width-yoga-balance-circle-yoga-prop-wheel-for-yoga-poses-increasing-flexibility-yoga-stretching-wheel-non-slip-perfect-yoga-prop-for-beginner,Gerenic,N/A,N/A,N,N/A,133,Y,159,https://www.noon.com/uae-en/yoga-balance-wheel-18-5cm-7-3in-width-yoga-balance-circle-yoga-prop-wheel-for-yoga-poses-increasing-flexibility-yoga-stretching-wheel-non-slip-perfect-yoga-prop-for-beginner/ZF6C53F44AEC8480A404FZ/p/?o=zf6c53f44aec8480a404fz-1,Get it by 7 Oct
06-Oct-2024,Z3BD8467,prosourcefit-weighted-toning-exercise-balls-for-pilates-8-lb-black,ProSourceFit,N/A,N/A,N,N/A,39,Y,160,https://www.noon.com/uae-en/prosourcefit-weighted-toning-exercise-balls-for-pilates-8-lb-black/Z3BD84678926436481F3EZ/p/?o=z3bd84678926436481f3ez-1,Get it by 7 Oct
06-Oct-2024,Z19D4E41,2-pack-yoga-socks-women-s-pilates-socks-non-slip-anti-skid-sticky-pure-barre-ballet-dance-socks-with-grips-barefoot-workout-fitness-dancer,SYOSI,N/A,N/A,N,N/A,61.70,Y,161,https://www.noon.com/uae-en/2-pack-yoga-socks-women-s-pilates-socks-non-slip-anti-skid-sticky-pure-barre-ballet-dance-socks-with-grips-barefoot-workout-fitness-dancer/Z19D4E415C82774F83C76Z/p/?o=z19d4e415c82774f83c76z-1,Get it by 7 Oct
06-Oct-2024,Z2B98E07,extra-thick-yoga-mat-purple-1cm,DOOAIR,N/A,N/A,N,80,30,Y,162,https://www.noon.com/uae-en/extra-thick-yoga-mat-purple-1cm/Z2B98E07D20A7B101ACD4Z/p/?o=z2b98e07d20a7b101acd4z-1,Get it by 7 Oct
06-Oct-2024,Z81B7458,pilates-pose-yoga-mat-large-size-173-x-61-x-0-6-cm-fitness-yoga-mat,OASIS-TH,N/A,N/A,N,99,49,Y,163,https://www.noon.com/uae-en/pilates-pose-yoga-mat-large-size-173-x-61-x-0-6-cm-fitness-yoga-mat/Z81B74583AAC3F321A3C4Z/p/?o=z81b74583aac3f321a3c4z-1,Get it by 7 Oct
06-Oct-2024,Z0E37FFB,yoga-mats-anti-slip-sport-fitness-mat-blanket-for-exercise-yoga-and-pilates-gymnastics-mat-fitness-equipment-6mm,Spall,5.0,1,N,50,37,Y,164,https://www.noon.com/uae-en/yoga-mats-anti-slip-sport-fitness-mat-blanket-for-exercise-yoga-and-pilates-gymnastics-mat-fitness-equipment-6mm/Z0E37FFB9B21AC2C9297CZ/p/?o=z0e37ffb9b21ac2c9297cz-1,Get it by 7 Oct
06-Oct-2024,Z5556A48,anti-slip-fitness-exercise-gym-yoga-mats-4mm-thick-61x173cm-for-indoor-and-outdoor-use,Generic,N/A,N/A,Y,60,37.55,Y,165,https://www.noon.com/uae-en/anti-slip-fitness-exercise-gym-yoga-mats-4mm-thick-61x173cm-for-indoor-and-outdoor-use/Z5556A4895CC44B536812Z/p/?o=z5556a4895cc44b536812z-1,Get it by 7 Oct
06-Oct-2024,Z4309655,multicolor-anti-slip-fitness-exercise-gym-yoga-mats-4mm-thick-61x173cm-for-indoor-and-outdoor-use,Generic,N/A,N/A,Y,60,34.30,Y,166,https://www.noon.com/uae-en/multicolor-anti-slip-fitness-exercise-gym-yoga-mats-4mm-thick-61x173cm-for-indoor-and-outdoor-use/Z4309655FA88AC7B8A209Z/p/?o=z4309655fa88ac7b8a209z-1,Get it by 7 Oct
06-Oct-2024,ZE5D98E2,anti-slip-fitness-exercise-gym-yoga-mats-4mm-thick-for-indoor-and-outdoor-61x173cm,Toshionics,N/A,N/A,Y,60,31.25,Y,167,https://www.noon.com/uae-en/anti-slip-fitness-exercise-gym-yoga-mats-4mm-thick-for-indoor-and-outdoor-61x173cm/ZE5D98E2FD55A24417BE7Z/p/?o=ze5d98e2fd55a24417be7z-1,Get it by 7 Oct
06-Oct-2024,N2919528,anti-skidding-yoga-mat-40x60cm,Generic,N/A,N/A,N,N/A,31.25,Y,168,https://www.noon.com/uae-en/anti-skidding-yoga-mat-40x60cm/N29195285A/p/?o=e3c3d2fd15f3d8fc,Get it by 7 Oct
06-Oct-2024,ZE86DD58,yoga-mat-4mm-dark-green,Reebok,N/A,N/A,N,95,64,Y,169,https://www.noon.com/uae-en/yoga-mat-4mm-dark-green/ZE86DD58C878C2E77A5CEZ/p/?o=ze86dd58c878c2e77a5cez-1,Get it by 7 Oct
06-Oct-2024,ZFF6D188,anti-slip-fitness-exercise-gym-yoga-mats-4mm-thick-for-indoor-and-outdoor-61x173cm-multicolor,Toshionics,3.7,3,Y,60,31.75,Y,170,https://www.noon.com/uae-en/anti-slip-fitness-exercise-gym-yoga-mats-4mm-thick-for-indoor-and-outdoor-61x173cm-multicolor/ZFF6D1886AAD421874DF1Z/p/?o=zff6d1886aad421874df1z-1,Get it by 7 Oct
06-Oct-2024,ZECB2978,mela-non-slip-yoga-mat-for-home-gym-6mm-thick-eco-friendly-tpe-cushioned-exercise-mat-with-carry-strap-perfect-for-yoga-pilates-fitness-training-gymnastics-essentials-beige,MELA,N/A,N/A,Y,119,79.90,Y,171,https://www.noon.com/uae-en/mela-non-slip-yoga-mat-for-home-gym-6mm-thick-eco-friendly-tpe-cushioned-exercise-mat-with-carry-strap-perfect-for-yoga-pilates-fitness-training-gymnastics-essentials-beige/ZECB29782C8C4BD506B8EZ/p/?o=zecb29782c8c4bd506b8ez-1,Get it by 7 Oct
06-Oct-2024,Z1FFBA90,mahmir-eva-foam-roller-for-yoga-deep-tissue-massage-stretching-physical-therapy-relieve-stress-improve-mobility-with-foam-roller-for-legs-and-muscles-deep-tissue-massage-tool-light-blue,MahMir,3.1,3,Y,N/A,29.95,Y,172,https://www.noon.com/uae-en/mahmir-eva-foam-roller-for-yoga-deep-tissue-massage-stretching-physical-therapy-relieve-stress-improve-mobility-with-foam-roller-for-legs-and-muscles-deep-tissue-massage-tool-light-blue/Z1FFBA90CF03B4E1CDF5CZ/p/?o=z1ffba90cf03b4e1cdf5cz-1,N/A
06-Oct-2024,ZFC4F2BC,qiccijoo-ankle-weights-set-1-pair-4kg-8-8lb-workout-ankle-weights-for-women-or-men-wrist-leg-weights-for-fitness-running-walking-2-2kg-4-4lb-blue,Qiccijoo,N/A,N/A,N,N/A,89,Y,173,https://www.noon.com/uae-en/qiccijoo-ankle-weights-set-1-pair-4kg-8-8lb-workout-ankle-weights-for-women-or-men-wrist-leg-weights-for-fitness-running-walking-2-2kg-4-4lb-blue/ZFC4F2BC1E9DC7B33305BZ/p/?o=zfc4f2bc1e9dc7b33305bz-1,Get it by 7 Oct
06-Oct-2024,Z4CB58C8,coolbaby-pilates-multifunctional-yoga-bed-pilates-core-bed-fitness-equipment-pilates-training-bed-strength-adjustment-solid-wood,Cool,N/A,N/A,N,N/A,"4,779",N,174,https://www.noon.com/uae-en/coolbaby-pilates-multifunctional-yoga-bed-pilates-core-bed-fitness-equipment-pilates-training-bed-strength-adjustment-solid-wood/Z4CB58C8A30F63107B73FZ/p/?o=z4cb58c8a30f63107b73fz-1,Get it by 8 Oct
06-Oct-2024,ZCA7E1E3,muscle-massage-stick-roller,Generic,5.0,1,N,250,19,Y,175,https://www.noon.com/uae-en/muscle-massage-stick-roller/ZCA7E1E3FDB0EFD648A13Z/p/?o=zca7e1e3fdb0efd648a13z-1,Get it by 7 Oct
06-Oct-2024,N1100525,yoga-and-exercise-mat-with-strap-6ml,BODY,4.3,3,N,79,42.85,Y,176,https://www.noon.com/uae-en/yoga-and-exercise-mat-with-strap-6ml/N11005258A/p/?o=fc937d235888d83b,Get it by 7 Oct
06-Oct-2024,N4342662,portable-retractable-stool-outdoor-safe-stable-folding-30x10x5cm,Generic,3.9,33,N,N/A,32,Y,177,https://www.noon.com/uae-en/portable-retractable-stool-outdoor-safe-stable-folding-30x10x5cm/N43426621A/p/?o=e32cf2128f37083e,Get it by 7 Oct
06-Oct-2024,Z6AA422C,extra-thick-high-density-anti-tear-exercise-yoga-mat,Generic,5.0,2,Y,648,29,Y,178,https://www.noon.com/uae-en/extra-thick-high-density-anti-tear-exercise-yoga-mat/Z6AA422C01041A12BF086Z/p/?o=z6aa422c01041a12bf086z-1,Get it by 7 Oct
06-Oct-2024,Z30868C9,mahmir-eva-foam-roller-for-yoga-deep-tissue-massage-stretching-physical-therapy-relieve-stress-improve-mobility-with-foam-roller-for-legs-and-muscles-deep-tissue-massage-tool-pink,MahMir,4.0,8,Y,N/A,29.95,Y,179,https://www.noon.com/uae-en/mahmir-eva-foam-roller-for-yoga-deep-tissue-massage-stretching-physical-therapy-relieve-stress-improve-mobility-with-foam-roller-for-legs-and-muscles-deep-tissue-massage-tool-pink/Z30868C98E61D2ABA2621Z/p/?o=z30868c98e61d2aba2621z-1,N/A
06-Oct-2024,Z1DFA4CF,yoga-mat-8mm-trace-blue,Adidas,N/A,N/A,N,175,161.65,Y,180,https://www.noon.com/uae-en/yoga-mat-8mm-trace-blue/Z1DFA4CFA53D9F146B56EZ/p/?o=z1dfa4cfa53d9f146b56ez-1,Get it by 7 Oct
06-Oct-2024,N4245994,solid-color-mesh-cooling-towel-20-10-20cm,Generic,4.0,52,N,N/A,25.70,Y,181,https://www.noon.com/uae-en/solid-color-mesh-cooling-towel-20-10-20cm/N42459945A/p/?o=ee68e1545cf1882e,Get it by 7 Oct
06-Oct-2024,Z3A64306,white-stripe-crew-non-slip-barre-yoga-pilates-socks-womens-one-size-fits-most,Prickly,5.0,1,N,N/A,35,Y,182,https://www.noon.com/uae-en/white-stripe-crew-non-slip-barre-yoga-pilates-socks-womens-one-size-fits-most/Z3A643067EEDB39F91BE8Z/p/?o=z3a643067eedb39f91be8z-1,Get it by 7 Oct
06-Oct-2024,N2230531,exercise-swiss-ball-65cm-65cm,Generic,4.8,29,N,45,29,N,183,https://www.noon.com/uae-en/exercise-swiss-ball-65cm-65cm/N22305317A/p/?o=b2527af1bcb87fec,N/A
06-Oct-2024,Z2D1EE41,anti-skid-yoga-mat-pink-thickened-fitness-dance-mat,Generic,N/A,N/A,N,53,29,Y,184,https://www.noon.com/uae-en/anti-skid-yoga-mat-pink-thickened-fitness-dance-mat/Z2D1EE4141DBDFF832AE4Z/p/?o=z2d1ee4141dbdff832ae4z-1,Get it by 7 Oct
06-Oct-2024,N3738061,11-piece-yoga-resistance-belt-with-bag-22x6x19-00cm,LIXADA,4.3,107,N,32,23,N,185,https://www.noon.com/uae-en/11-piece-yoga-resistance-belt-with-bag-22x6x19-00cm/N37380614A/p/?o=f47d3bca5f3b875e,N/A
06-Oct-2024,N3701783,yoga-massage-mat-with-pillow,Generic,N/A,N/A,N,46,37.80,Y,186,https://www.noon.com/uae-en/yoga-massage-mat-with-pillow/N37017834A/p/?o=e1ccc98cf329f95c,Get it by 7 Oct
06-Oct-2024,Z24E1B5B,8mm-yoga-mat-with-carrying-strap-anti-slip-for-home-workout-exercises-meditation-eco-friendly-non-skid-tpe-yoga-mattres-for-pilates-183x61x0-8cm-thick-pink-black-color,Bernessi,4.8,49,Y,165,69.90,Y,187,https://www.noon.com/uae-en/8mm-yoga-mat-with-carrying-strap-anti-slip-for-home-workout-exercises-meditation-eco-friendly-non-skid-tpe-yoga-mattres-for-pilates-183x61x0-8cm-thick-pink-black-color/Z24E1B5B4FDE8BB5C6111Z/p/?o=z24e1b5b4fde8bb5c6111z-1,Get it by 7 Oct
06-Oct-2024,Z184FBC1,stretch-strap-with-exercise-guide-versatile-multi-loop-perfect-for-yoga-pilates-and-physical-therapy-portable-helps-improve-flexibility,ORiTi,4.6,2,Y,29,28,Y,188,https://www.noon.com/uae-en/stretch-strap-with-exercise-guide-versatile-multi-loop-perfect-for-yoga-pilates-and-physical-therapy-portable-helps-improve-flexibility/Z184FBC1B30D0C5DACA2DZ/p/?o=z184fbc1b30d0c5daca2dz-1,N/A
06-Oct-2024,Z603FF8F,yoga-mat-for-women-and-men-extra-long-and-wide-exercise-mat-72-x24-large-non-slip-workout-mat-for-yoga-pilates-fitness-barefoot-workouts-home-gym-studio,URbazaar,N/A,N/A,Y,59.90,54.90,Y,189,https://www.noon.com/uae-en/yoga-mat-for-women-and-men-extra-long-and-wide-exercise-mat-72-x24-large-non-slip-workout-mat-for-yoga-pilates-fitness-barefoot-workouts-home-gym-studio/Z603FF8FD1BFB572D8D9FZ/p/?o=z603ff8fd1bfb572d8d9fz-1,Get it by 7 Oct
06-Oct-2024,ZD6EDF0C,men-and-women-cooling-sport-towel-soft-and-breathable-for-yoga-sports-and-running-blue-30x90cm,Generic,5.0,2,N,70,63,Y,190,https://www.noon.com/uae-en/men-and-women-cooling-sport-towel-soft-and-breathable-for-yoga-sports-and-running-blue-30x90cm/ZD6EDF0C6CC069FEED806Z/p/?o=zd6edf0c6cc069feed806z-1,Get it by 7 Oct
06-Oct-2024,Z7F15956,training-mat-10mm-black,Adidas,N/A,N/A,N,195,175.50,Y,191,https://www.noon.com/uae-en/training-mat-10mm-black/Z7F15956F011CDBFBF9C2Z/p/?o=z7f15956f011cdbfbf9c2z-1,Get it by 7 Oct
06-Oct-2024,N4331832,4-speed-electric-vibration-massager-foam-roller-12-2-x-6inch,Rock,5.0,5,N,241,98.95,Y,192,https://www.noon.com/uae-en/4-speed-electric-vibration-massager-foam-roller-12-2-x-6inch/N43318329A/p/?o=d4082700b720061e,Get it by 7 Oct
06-Oct-2024,N2982972,16-piece-billiards-ball-33-22-5-5cm,Generic,N/A,N/A,N,220,195,N,193,https://www.noon.com/uae-en/16-piece-billiards-ball-33-22-5-5cm/N29829722A/p/?o=e60daabc88a0e9fe,Get it by 8 Oct
06-Oct-2024,Z3ECE31D,thick-yoga-mat-8mm-knees-supportive-exercise-mat-for-yoga-pilates-fitness-exercises-and-home-exercise-fitness-mat-non-slip-yoga-gym-mat-with-carrying-bag-183-66cm-green-black,RIGID,4.1,14,N,130.25,109.75,Y,194,https://www.noon.com/uae-en/thick-yoga-mat-8mm-knees-supportive-exercise-mat-for-yoga-pilates-fitness-exercises-and-home-exercise-fitness-mat-non-slip-yoga-gym-mat-with-carrying-bag-183-66cm-green-black/Z3ECE31D6665E7DFAC159Z/p/?o=z3ece31d6665e7dfac159z-1,Get it by 7 Oct
06-Oct-2024,Z78DCEAF,instructional-yoga-mat-blue-p3,BODY,3.8,9,N,100,64.90,Y,195,https://www.noon.com/uae-en/instructional-yoga-mat-blue-p3/Z78DCEAF193F693ED7AF9Z/p/?o=z78dceaf193f693ed7af9z-1,Get it by 7 Oct
06-Oct-2024,N2733043,unisex-anti-slip-yoga-mat-with-carry-strap,Fitness,4.3,15,N,N/A,45.20,Y,196,https://www.noon.com/uae-en/unisex-anti-slip-yoga-mat-with-carry-strap/N27330430A/p/?o=f5a90f50e241749e,Get it by 7 Oct
06-Oct-2024,Z537AAA5,ab-roller-for-abs-workout-pilates-bar-kit-with-resistance-band-set-exercise-bar-with-ab-roller-yoga-stretching-equipment-core-strength-training-equipment-portable-home-gym-for-men-and-women,GROIC,N/A,N/A,N,200,110.95,N,197,https://www.noon.com/uae-en/ab-roller-for-abs-workout-pilates-bar-kit-with-resistance-band-set-exercise-bar-with-ab-roller-yoga-stretching-equipment-core-strength-training-equipment-portable-home-gym-for-men-and-women/Z537AAA58F5ED089134C9Z/p/?o=baf9e48161d15c0d,N/A
06-Oct-2024,Z24F43F8,stretch-band-strap-elastic-exercise-stretching-band-with-9-loops-for-yoga-physical-therapy-dance-workout-fitness-stretch-assist-light-resistance-band-for-strength-flexibility-training,Garlo,N/A,N/A,N,52,37,Y,198,https://www.noon.com/uae-en/stretch-band-strap-elastic-exercise-stretching-band-with-9-loops-for-yoga-physical-therapy-dance-workout-fitness-stretch-assist-light-resistance-band-for-strength-flexibility-training/Z24F43F8520548D2CD073Z/p/?o=z24f43f8520548d2cd073z-1,Get it by 7 Oct
06-Oct-2024,ZF90F11A,16-pack-puzzle-exercise-floor-mat-eva-foam-mats-with-interlocking-floor-tiles-12-x-12-foam-gym-mat-protective-flooring-mats-interlocking-for-home-and-gym-equipment-black,GROIC,N/A,N/A,N,200,96.60,Y,199,https://www.noon.com/uae-en/16-pack-puzzle-exercise-floor-mat-eva-foam-mats-with-interlocking-floor-tiles-12-x-12-foam-gym-mat-protective-flooring-mats-interlocking-for-home-and-gym-equipment-black/ZF90F11AA9A2388685D3AZ/p/?o=zf90f11aa9a2388685d3az-1,Get it by 7 Oct
06-Oct-2024,ZD8D89AC,foldable-yoga-mat-with-illustrated-yoga-poses-non-slip-exercise-mat-for-home-gym-travel-yoga-set-with-stretch-strap-for-yoga-pilates-and-fitness,GROIC,4.0,9,N,200,86,Y,200,https://www.noon.com/uae-en/foldable-yoga-mat-with-illustrated-yoga-poses-non-slip-exercise-mat-for-home-gym-travel-yoga-set-with-stretch-strap-for-yoga-pilates-and-fitness/ZD8D89AC21F9CBFCD5577Z/p/?o=zd8d89ac21f9cbfcd5577z-1,Get it by 7 Oct
06-Oct-2024,Z0D53164,non-slip-yoga-socks-for-women-2-pairs-in-grey-and-black-ideal-for-fitness-pilates-dance-and-barre-workout,Generic,N/A,N/A,N,N/A,39.90,Y,201,https://www.noon.com/uae-en/non-slip-yoga-socks-for-women-2-pairs-in-grey-and-black-ideal-for-fitness-pilates-dance-and-barre-workout/Z0D53164FBF40F1BB8FB9Z/p/?o=z0d53164fbf40f1bb8fb9z-1,Get it by 7 Oct
06-Oct-2024,N3622582,multi-functional-non-slip-yoga-mat-60-x-15-x-15cm,Generic,N/A,N/A,N,42,21,N,202,https://www.noon.com/uae-en/multi-functional-non-slip-yoga-mat-60-x-15-x-15cm/N36225821A/p/?o=be0caaf9cb70675e,N/A
06-Oct-2024,Z6782E41,1-5m-resistance-bands-for-yoga-pilates-strength-training-elastic-bands-for-flexibility-rehab-fitness-ideal-for-men-women-green,LYNLYN,N/A,N/A,N,79,39,Y,203,https://www.noon.com/uae-en/1-5m-resistance-bands-for-yoga-pilates-strength-training-elastic-bands-for-flexibility-rehab-fitness-ideal-for-men-women-green/Z6782E4105E2C54A88AD2Z/p/?o=z6782e4105e2c54a88ad2z-1,Get it by 7 Oct
06-Oct-2024,ZAD955A6,microfiber-quick-dry-towels-silver-ion-technology-towel-super-absorbent-gym-towel-ideal-sweat-towel-for-fitness-camping-travel-suitable-for-men-women-77x40cm-set-of-3,RIGID,4.4,8,N,N/A,76,N,204,https://www.noon.com/uae-en/microfiber-quick-dry-towels-silver-ion-technology-towel-super-absorbent-gym-towel-ideal-sweat-towel-for-fitness-camping-travel-suitable-for-men-women-77x40cm-set-of-3/ZAD955A6E63B552CF2087Z/p/?o=d824eec06093747d,N/A
06-Oct-2024,ZEFE5728,4-pairs-of-yoga-socks-with-grip-women-s-non-slip-grip-socks-pilates-socks-fitness-socks-non-slip-socks-yoga,Generic,N/A,N/A,N,55,43.90,Y,205,https://www.noon.com/uae-en/4-pairs-of-yoga-socks-with-grip-women-s-non-slip-grip-socks-pilates-socks-fitness-socks-non-slip-socks-yoga/ZEFE5728030AAE44BDC98Z/p/?o=zefe5728030aae44bdc98z-1,Get it by 7 Oct
06-Oct-2024,Z9DC337B,15-35-lbs-resistance-band-pull-up-assist-band-heavy-duty-powerlifting-exercise-stretch-bands-for-powerlifting-muscle-toning-yoga-stretch-mobility-red,Generic,N/A,N/A,N,52,36,Y,206,https://www.noon.com/uae-en/15-35-lbs-resistance-band-pull-up-assist-band-heavy-duty-powerlifting-exercise-stretch-bands-for-powerlifting-muscle-toning-yoga-stretch-mobility-red/Z9DC337BDCF986610C843Z/p/?o=z9dc337bdcf986610c843z-1,Get it by 7 Oct
06-Oct-2024,Z212ACDF,8mm-yoga-mat-with-carrying-strap-anti-slip-for-home-workout-exercises-meditation-eco-friendly-non-skid-tpe-yoga-mattres-for-pilates-183x61x0-8cm-thick-light-pink-black-color,Bernessi,5.0,3,Y,180,61.25,Y,207,https://www.noon.com/uae-en/8mm-yoga-mat-with-carrying-strap-anti-slip-for-home-workout-exercises-meditation-eco-friendly-non-skid-tpe-yoga-mattres-for-pilates-183x61x0-8cm-thick-light-pink-black-color/Z212ACDF2F7760CD34A11Z/p/?o=z212acdf2f7760cd34a11z-1,Get it by 7 Oct
06-Oct-2024,ZBCE7784,set-of-2-yoga-blocks-eva-foam-high-density-non-slip-yoga-bricks-for-meditation-balance-exercise,WENBO,5.0,1,Y,N/A,39,N,208,https://www.noon.com/uae-en/set-of-2-yoga-blocks-eva-foam-high-density-non-slip-yoga-bricks-for-meditation-balance-exercise/ZBCE778416BAE21D1E4CCZ/p/?o=zbce778416bae21d1e4ccz-1,Get it by 8 Oct
06-Oct-2024,Z8171D95,multipurpose-gym-duffel-bag-portable-luggage-handbag-wet-and-dry-separation-shoes-compartment-crossbody-bag-for-women-yoga-sports-travel-peach-pink,TNGames,N/A,N/A,Y,N/A,46,N,209,https://www.noon.com/uae-en/multipurpose-gym-duffel-bag-portable-luggage-handbag-wet-and-dry-separation-shoes-compartment-crossbody-bag-for-women-yoga-sports-travel-peach-pink/Z8171D9598AFA21212858Z/p/?o=z8171d9598afa21212858z-1,Get it by 11 Oct
06-Oct-2024,N3112683,anti-burst-yoga-swiss-ball-25cm,Generic,2.8,30,N,N/A,25.85,Y,210,https://www.noon.com/uae-en/anti-burst-yoga-swiss-ball-25cm/N31126834A/p/?o=c8a3352cc8635fce,Get it by 7 Oct
06-Oct-2024,Z67D7B1F,yoga-mat-8mm-white,Adidas,N/A,N/A,N,175,130.65,Y,211,https://www.noon.com/uae-en/yoga-mat-8mm-white/Z67D7B1F29368685C277BZ/p/?o=z67d7b1f29368685c277bz-1,Get it by 7 Oct
06-Oct-2024,Z16D326B,studio-yoga-mat,Reebok,N/A,N/A,N,145,60,Y,212,https://www.noon.com/uae-en/studio-yoga-mat/Z16D326B5D0403A77BE29Z/p/?o=z16d326b5d0403a77be29z-1,Get it by 7 Oct
06-Oct-2024,N1354299,fitness-floating-point-eva-yoga-roller-for-physio-massage,Generic,4.1,13,N,45,37,N,213,https://www.noon.com/uae-en/fitness-floating-point-eva-yoga-roller-for-physio-massage/N13542998A/p/?o=e300870c1bbfdbfc,Get it by 9 Oct
06-Oct-2024,Z9F2CDE0,cooling-towels-10-pack-ice-towel-mesh-cooling-towel-soft-breathable-chilly-towel-ice-towel-for-neck-microfiber-towel-for-yoga-golf-sport-running-gym-workout-camping-fitness-30-80-cm,WAOKN,5.0,1,N,88,53.55,Y,214,https://www.noon.com/uae-en/cooling-towels-10-pack-ice-towel-mesh-cooling-towel-soft-breathable-chilly-towel-ice-towel-for-neck-microfiber-towel-for-yoga-golf-sport-running-gym-workout-camping-fitness-30-80-cm/Z9F2CDE0DD43E84EF3C07Z/p/?o=z9f2cde0dd43e84ef3c07z-1,Get it by 7 Oct
06-Oct-2024,N2652496,2-pack-yoga-block-brick-foam-home-exercise-gym-sport-tool-23cm,Generic,4.6,25,N,N/A,26.25,Y,215,https://www.noon.com/uae-en/2-pack-yoga-block-brick-foam-home-exercise-gym-sport-tool-23cm/N26524961A/p/?o=e66b1e373681acba,Get it by 7 Oct
06-Oct-2024,N2635826,wolf-tooth-hollow-foam-roller-33x14cm,CYTHERIA,4.7,12,N,42,21,N,216,https://www.noon.com/uae-en/wolf-tooth-hollow-foam-roller-33x14cm/N26358266A/p/?o=d2f47410caf7788c,N/A
06-Oct-2024,Z9C75D35,punching-bag-fitness-boxing-equipment-relaxation-relief-sandbags-training-equipment-for-adult-children-boxing-gym-equipment-color-black-size-180cm,Generic,5.0,1,N,750,600,Y,217,https://www.noon.com/uae-en/punching-bag-fitness-boxing-equipment-relaxation-relief-sandbags-training-equipment-for-adult-children-boxing-gym-equipment-color-black-size-180cm/Z9C75D35D60469B5470B1Z/p/?o=z9c75d35d60469b5470b1z-1,Get it by 7 Oct
06-Oct-2024,Z9F99597,yoga-training-mat,PUMA,N/A,N/A,N,249,139,Y,218,https://www.noon.com/uae-en/yoga-training-mat/Z9F9959795903122BD6DEZ/p/?o=z9f9959795903122bd6dez-1,Get it by 7 Oct
06-Oct-2024,N3051083,sweat-absorption-exercise-towel,Generic,4.0,11,N,27.40,22.10,Y,219,https://www.noon.com/uae-en/sweat-absorption-exercise-towel/N30510833A/p/?o=e28c34209cfd45cd,Get it by 7 Oct
06-Oct-2024,N4342664,men-waist-trainer-vest-neoprene-body-zipper-25x21x3cm,Generic,3.2,10,N,29.60,15.60,N,220,https://www.noon.com/uae-en/men-waist-trainer-vest-neoprene-body-zipper-25x21x3cm/N43426642A/p/?o=a59ea147b56b4efc,N/A
06-Oct-2024,Z3F006A9,3-pieces-resistance-band-black-red-blue,umbro,N/A,N/A,N,N/A,50.95,N,221,https://www.noon.com/uae-en/3-pieces-resistance-band-black-red-blue/Z3F006A9B6730B4C0EC48Z/p/?o=z3f006a9b6730b4c0ec48z-1,Get it by 8 Oct
06-Oct-2024,N3655737,5-piece-yoga-equipment-set,Generic,2.9,21,N,32,25.60,Y,222,https://www.noon.com/uae-en/5-piece-yoga-equipment-set/N36557375A/p/?o=a6501a560de7e5bd,Get it by 7 Oct
06-Oct-2024,N3933152,non-slip-foam-yoga-mat-173-x-61cm,Generic,4.3,3,N,47.85,39.15,N,223,https://www.noon.com/uae-en/non-slip-foam-yoga-mat-173-x-61cm/N39331521A/p/?o=b055c101f9ffaaef,Get it by 8 Oct
06-Oct-2024,Z332A2AF,pilates-socks-yoga-socks-with-grips-for-women-non-slip-grip-socks-for-pure-barre-ballet-dance-workout-hospital-2-pairs,SYOSI,5.0,1,N,N/A,69.95,Y,224,https://www.noon.com/uae-en/pilates-socks-yoga-socks-with-grips-for-women-non-slip-grip-socks-for-pure-barre-ballet-dance-workout-hospital-2-pairs/Z332A2AFFE116BACCE9A8Z/p/?o=z332a2affe116bacce9a8z-1,Get it by 7 Oct
06-Oct-2024,Z8F294AD,yoga-socks-barefoot-yoga-exercise-wear-sport-accessories-water-shoes-quick-dry-aqua-socks-indoor-fitness-shoes-jump-rope-shoes-and-dance-shoes,GROIC,5.0,1,N,200,42.30,Y,225,https://www.noon.com/uae-en/yoga-socks-barefoot-yoga-exercise-wear-sport-accessories-water-shoes-quick-dry-aqua-socks-indoor-fitness-shoes-jump-rope-shoes-and-dance-shoes/Z8F294AD05B7D0AAC5EB5Z/p/?o=z8f294ad05b7d0aac5eb5z-1,Get it by 7 Oct
06-Oct-2024,ZC77D62A,3-pack-palm-pressure-clip-migraine-relief-hand-massager-exercise-relax-for-tension-headache-migraine-relief-naturally-wearable-hegu-acupressure-point-massager-tension-exerciser,Generic,N/A,N/A,N,29.90,20.90,Y,226,https://www.noon.com/uae-en/3-pack-palm-pressure-clip-migraine-relief-hand-massager-exercise-relax-for-tension-headache-migraine-relief-naturally-wearable-hegu-acupressure-point-massager-tension-exerciser/ZC77D62A5DE539F315B45Z/p/?o=zc77d62a5de539f315b45z-1,Get it by 7 Oct
06-Oct-2024,N5081561,foldable-non-slip-yoga-mat,Generic,4.3,3,N,N/A,26,N,227,https://www.noon.com/uae-en/foldable-non-slip-yoga-mat/N50815612A/p/?o=d987a70a087a7c2b,Get it by 9 Oct
06-Oct-2024,ZB6E61CE,mahmir-yoga-cork-block-supportive-sustainable-cork-with-non-slip-surface-exercise-accessory-for-yoga-pilates-and-general-fitness-natural-cork-blocks-size-9-x6-x3-2pcs-pack,MahMir,5.0,2,N,69.95,59.95,N,228,https://www.noon.com/uae-en/mahmir-yoga-cork-block-supportive-sustainable-cork-with-non-slip-surface-exercise-accessory-for-yoga-pilates-and-general-fitness-natural-cork-blocks-size-9-x6-x3-2pcs-pack/ZB6E61CE23B29DAF85955Z/p/?o=fae71ce02e9b7d0e,N/A
06-Oct-2024,ZFAEA6BA,2-piece-set-of-yoga-props-bricks,ZCM-HAPPY,5.0,1,N,N/A,25,Y,229,https://www.noon.com/uae-en/2-piece-set-of-yoga-props-bricks/ZFAEA6BA1519488AC1896Z/p/?o=zfaea6ba1519488ac1896z-1,Get it by 7 Oct
06-Oct-2024,Z288231E,5-pairs-yoga-socks-for-women-non-slip-grips-straps-non-slip-socks-for-yoga-pilates-ideal-for-pilates-ballet-dance-barefoot-workout,RIOXS,5.0,1,N,99,46.05,Y,230,https://www.noon.com/uae-en/5-pairs-yoga-socks-for-women-non-slip-grips-straps-non-slip-socks-for-yoga-pilates-ideal-for-pilates-ballet-dance-barefoot-workout/Z288231EEFD4008FE0C11Z/p/?o=z288231eefd4008fe0c11z-1,N/A
06-Oct-2024,ZED5153C,double-sided-yoga-mat-6mm,Reebok,N/A,N/A,N,131,72,Y,231,https://www.noon.com/uae-en/double-sided-yoga-mat-6mm/ZED5153C7C5C6EB389D42Z/p/?o=zed5153c7c5c6eb389d42z-1,Get it by 7 Oct
06-Oct-2024,N2733018,anti-slip-yoga-mat-with-carry-strap-175x65cm,Fitness,4.4,41,N,N/A,35,N,232,https://www.noon.com/uae-en/anti-slip-yoga-mat-with-carry-strap-175x65cm/N27330188A/p/?o=d897365e68e0e2eb,Get it by 9 Oct
06-Oct-2024,N4486086,balance-from-go-all-purpose-anti-tear-exercise-yoga-mat-with-carrying-strap,Generic,N/A,N/A,N,38,23,N,233,https://www.noon.com/uae-en/balance-from-go-all-purpose-anti-tear-exercise-yoga-mat-with-carrying-strap/N44860868A/p/?o=d09c751de0b0787a,Get it by 12 Oct
06-Oct-2024,Z295BA92,premium-nbr-yoga-mat-comfort-durability-and-style-assorted-183x61x1cm,Huitich,N/A,N/A,N,150,31,N,234,https://www.noon.com/uae-en/premium-nbr-yoga-mat-comfort-durability-and-style-assorted-183x61x1cm/Z295BA925E0F2CDA5975BZ/p/?o=z295ba925e0f2cda5975bz-1,Get it by 8 Oct
06-Oct-2024,ZB9C23DA,yoga-mat-4mm-ashen-lilac,Reebok,N/A,N/A,N,95,91.10,Y,235,https://www.noon.com/uae-en/yoga-mat-4mm-ashen-lilac/ZB9C23DA441725544FD27Z/p/?o=zb9c23da441725544fd27z-1,Get it by 7 Oct
06-Oct-2024,Z603FF8F,yoga-mat-for-women-and-men-extra-long-and-wide-exercise-mat-72-x24-large-non-slip-workout-mat-for-yoga-pilates-fitness-barefoot-workouts-home-gym-studio,URbazaar,N/A,N/A,N,59.90,54.90,Y,236,https://www.noon.com/uae-en/yoga-mat-for-women-and-men-extra-long-and-wide-exercise-mat-72-x24-large-non-slip-workout-mat-for-yoga-pilates-fitness-barefoot-workouts-home-gym-studio/Z603FF8FD1BFB572D8D9FZ/p/?o=z603ff8fd1bfb572d8d9fz-1,Get it by 7 Oct
06-Oct-2024,N1654353,yoga-foam-roller,Generic,4.6,15,N,34,22.30,N,237,https://www.noon.com/uae-en/yoga-foam-roller/N16543539A/p/?o=e7f35cca553f650f,Get it by 9 Oct
06-Oct-2024,ZA665A31,portable-pilates-bar-kit-with-resistance-bands-for-full-body-toning-yoga-and-pilates-exercise-stick-for-home-gym,ZCM-HAPPY,N/A,N/A,N,110,29,Y,238,https://www.noon.com/uae-en/portable-pilates-bar-kit-with-resistance-bands-for-full-body-toning-yoga-and-pilates-exercise-stick-for-home-gym/ZA665A3190C8A2AF9ADD0Z/p/?o=za665a3190c8a2af9add0z-1,Get it by 7 Oct
06-Oct-2024,Z6F017D6,fittex-tough-non-slip-10mm-thick-yoga-mat-with-carry-strap-188x61x1cm-black,Generic,4.7,3,N,49,31.25,N,239,https://www.noon.com/uae-en/fittex-tough-non-slip-10mm-thick-yoga-mat-with-carry-strap-188x61x1cm-black/Z6F017D6BFD3A1CEC123EZ/p/?o=z6f017d6bfd3a1cec123ez-1,Get it by 8 Oct
06-Oct-2024,Z2C02609,coolbaby-yoga-mat-the-world-s-best-eco-friendly-non-slip-yoga-mat-with-the-original-unique-alignment-marker-system-thick-comfortable-yoga-mat-for-home-gym-outdoor-183-cmx-68cm-x-5mm,Cool,N/A,N/A,N,N/A,158,Y,240,https://www.noon.com/uae-en/coolbaby-yoga-mat-the-world-s-best-eco-friendly-non-slip-yoga-mat-with-the-original-unique-alignment-marker-system-thick-comfortable-yoga-mat-for-home-gym-outdoor-183-cmx-68cm-x-5mm/Z2C02609363D7578F6618Z/p/?o=z2c02609363d7578f6618z-1,Get it by 7 Oct
06-Oct-2024,N3641425,2-piece-soft-and-hard-yoga-foam-roller-set,Generic,4.3,7,N,171,38.95,Y,241,https://www.noon.com/uae-en/2-piece-soft-and-hard-yoga-foam-roller-set/N36414250A/p/?o=be7d4fff9ebebcce,Get it by 7 Oct
06-Oct-2024,Z0BBD9C7,microfiber-gym-towel-face-towel-yoga-towel-quick-dry-high-absorbent-sweat-towel-for-gym-exercises-and-outdoor-thick-400gsm-75x35cm-grey,RIGID,4.4,19,N,N/A,45.75,N,242,https://www.noon.com/uae-en/microfiber-gym-towel-face-towel-yoga-towel-quick-dry-high-absorbent-sweat-towel-for-gym-exercises-and-outdoor-thick-400gsm-75x35cm-grey/Z0BBD9C7C83B7E8DF4FD6Z/p/?o=f433e986d29277cf,N/A
06-Oct-2024,N4858015,multi-loops-adjustable-yoga-stretch-belt,Generic,4.7,6,N,N/A,21.25,Y,243,https://www.noon.com/uae-en/multi-loops-adjustable-yoga-stretch-belt/N48580159A/p/?o=de022fe562002d3a,Get it by 7 Oct
06-Oct-2024,Z51CFFC9,pilates-yoga-wedge-massage-correction-yoga-foam-kyphosis-correction-detachable-large-spine-yoga-equipment,Generic,N/A,N/A,N,N/A,299,Y,244,https://www.noon.com/uae-en/pilates-yoga-wedge-massage-correction-yoga-foam-kyphosis-correction-detachable-large-spine-yoga-equipment/Z51CFFC93511AF6D8ACAEZ/p/?o=z51cffc93511af6d8acaez-1,Get it by 7 Oct
06-Oct-2024,Z3DC55AD,men-and-women-cooling-sport-towel-soft-and-breathable-for-yoga-sports-and-running-grey-30x90cm,Generic,N/A,N/A,N,70,63,Y,245,https://www.noon.com/uae-en/men-and-women-cooling-sport-towel-soft-and-breathable-for-yoga-sports-and-running-grey-30x90cm/Z3DC55AD67E87D53AE262Z/p/?o=z3dc55ad67e87d53ae262z-1,Get it by 7 Oct
06-Oct-2024,N3641424,non-slip-yoga-mat-with-carrying-strap,Generic,4.0,1,N,35.60,35,N,246,https://www.noon.com/uae-en/non-slip-yoga-mat-with-carrying-strap/N36414242A/p/?o=c4530eb97c267d7a,Get it by 8 Oct
06-Oct-2024,Z0D592BD,foot-massage-roller-relieve-pain-and-plantar-fasciitis-for-wrists-forearms-deep-tissue-trigger-point,Generic,4.0,1,N,45,29.90,Y,247,https://www.noon.com/uae-en/foot-massage-roller-relieve-pain-and-plantar-fasciitis-for-wrists-forearms-deep-tissue-trigger-point/Z0D592BDDCB4B2213DC9CZ/p/?o=z0d592bddcb4b2213dc9cz-1,Get it by 7 Oct
06-Oct-2024,ZED2A764,yoga-strap-stretching-strap-12-loops-yoga-stretch-strap-non-elastic-stretch-band-for-physical-therapy-pilates-dance-and-gymnastics-with-carry-bag,Generic,N/A,N/A,N,N/A,36,Y,248,https://www.noon.com/uae-en/yoga-strap-stretching-strap-12-loops-yoga-stretch-strap-non-elastic-stretch-band-for-physical-therapy-pilates-dance-and-gymnastics-with-carry-bag/ZED2A7643E8A923750A69Z/p/?o=zed2a7643e8a923750a69z-1,Get it by 7 Oct
06-Oct-2024,ZDD391CA,coolbaby-jump-rope-mat-extra-thick-non-slip-shock-absorption-indoor-household-silent-mute-noise-reduction-exercise-fitness-mat-for-all-types-of-yoga-floor-workouts-185-66cm,Generic,N/A,N/A,N,85,68,Y,249,https://www.noon.com/uae-en/coolbaby-jump-rope-mat-extra-thick-non-slip-shock-absorption-indoor-household-silent-mute-noise-reduction-exercise-fitness-mat-for-all-types-of-yoga-floor-workouts-185-66cm/ZDD391CAF8DEE1C584603Z/p/?o=zdd391caf8dee1c584603z-1,Get it by 7 Oct
06-Oct-2024,Z60D16D1,professional-resistance-bands-delfino-long-natural-latex-elastic-bands-for-legs-glutes-strength-training-physical-therapy-yoga-pilates-stretching-ideal-for-home-workouts,Generic,N/A,N/A,N,38.90,31.90,Y,250,https://www.noon.com/uae-en/professional-resistance-bands-delfino-long-natural-latex-elastic-bands-for-legs-glutes-strength-training-physical-therapy-yoga-pilates-stretching-ideal-for-home-workouts/Z60D16D16DEA0EB97EB32Z/p/?o=z60d16d16dea0eb97eb32z-1,Get it by 7 Oct
06-Oct-2024,N2077593,exercise-loop-bands-15-x-150-x-0-4cm,Cool,N/A,N/A,N,N/A,34,N,251,https://www.noon.com/uae-en/exercise-loop-bands-15-x-150-x-0-4cm/N20775930A/p/?o=b95dd9bac328866f,Get it by 8 Oct
06-Oct-2024,N3975465,microfiber-cooling-sport-towel-90x30cm,Generic,4.3,4,N,N/A,27.20,Y,252,https://www.noon.com/uae-en/microfiber-cooling-sport-towel-90x30cm/N39754653A/p/?o=cce2e6d6b94ff24f,Get it by 7 Oct
06-Oct-2024,Z48ED3C6,yoga-socks-for-non-slip-women-sock-five-toe-with-grips-toeless-one-size-for-yoga-barre-pilates-dance,GROIC,5.0,2,N,100,28.30,N,253,https://www.noon.com/uae-en/yoga-socks-for-non-slip-women-sock-five-toe-with-grips-toeless-one-size-for-yoga-barre-pilates-dance/Z48ED3C6D1547FC65E273Z/p/?o=a51de5aabc8593cd,N/A
06-Oct-2024,Z238CCE1,yoga-mat-4mm-night-forest,Reebok,N/A,N/A,N,95,91.10,Y,254,https://www.noon.com/uae-en/yoga-mat-4mm-night-forest/Z238CCE1034641B8004B5Z/p/?o=z238cce1034641b8004b5z-1,Get it by 7 Oct
06-Oct-2024,N2003489,anti-tear-exercise-mat-with-carrying-strap-60x15centimeter,Generic,4.5,206,N,239,35,N,255,https://www.noon.com/uae-en/anti-tear-exercise-mat-with-carrying-strap-60x15centimeter/N20034895A/p/?o=d0a6bfe7a5bc658e,Get it by 8 Oct
06-Oct-2024,N4325037,yoga-spike-mat-66-x-42cm,Rock,4.8,4,N,119,49,Y,256,https://www.noon.com/uae-en/yoga-spike-mat-66-x-42cm/N43250379A/p/?o=ddd14961ef997dbf,Get it by 7 Oct
06-Oct-2024,N2973246,11-piece-multi-function-pull-rope-set,Generic,N/A,N/A,N,46.60,38.15,N,257,https://www.noon.com/uae-en/11-piece-multi-function-pull-rope-set/N29732460A/p/?o=d7358c71228262cd,Get it by 8 Oct
06-Oct-2024,Z4309655,multicolor-anti-slip-fitness-exercise-gym-yoga-mats-4mm-thick-61x173cm-for-indoor-and-outdoor-use,Generic,N/A,N/A,N,60,34.30,Y,258,https://www.noon.com/uae-en/multicolor-anti-slip-fitness-exercise-gym-yoga-mats-4mm-thick-61x173cm-for-indoor-and-outdoor-use/Z4309655FA88AC7B8A209Z/p/?o=z4309655fa88ac7b8a209z-1,Get it by 7 Oct
06-Oct-2024,N3655734,cotton-non-slip-socks,Generic,4.5,41,N,N/A,10,N,259,https://www.noon.com/uae-en/cotton-non-slip-socks/N36557347A/p/?o=de8d65214be07f5e,Get it by 8 Oct
06-Oct-2024,ZB4EC351,round-massager-roller-for-waist-abdominal-muscles-ring-leg-clip-stovepipe-to-clear-the-meridian-portable-cellulite-massage,Generic,4.9,9,N,N/A,140,Y,260,https://www.noon.com/uae-en/round-massager-roller-for-waist-abdominal-muscles-ring-leg-clip-stovepipe-to-clear-the-meridian-portable-cellulite-massage/ZB4EC351311E2533558AAZ/p/?o=zb4ec351311e2533558aaz-1,Get it by 7 Oct
06-Oct-2024,Z952A1D8,women-non-slip-yoga-socks-grip-slipper-socks-grip-socks-for-yoga-ideal-for-pilates-barefoot-workout-pilates-ballet-dance-sport,Generic,N/A,N/A,N,N/A,31,Y,261,https://www.noon.com/uae-en/women-non-slip-yoga-socks-grip-slipper-socks-grip-socks-for-yoga-ideal-for-pilates-barefoot-workout-pilates-ballet-dance-sport/Z952A1D8D430C5A37724CZ/p/?o=z952a1d8d430c5a37724cz-1,Get it by 7 Oct
06-Oct-2024,ZD27DC05,6-5-mm-pilates-mat-yoga-mat-pilates-mat-exercise-mat,Yukon,N/A,N/A,N,N/A,14.25,N,262,https://www.noon.com/uae-en/6-5-mm-pilates-mat-yoga-mat-pilates-mat-exercise-mat/ZD27DC057C375751456AEZ/p/?o=b776a7608174722c,Get it by 13 - 15 Oct
06-Oct-2024,ZF2B0348,yoga-mat-position-line-non-slip-exercise-mat-with-carrying-bag-pilates-fitness-mat-with-backpack-storage-bag-for-women-and-men,RIOXS,N/A,N/A,N,59,53.60,Y,263,https://www.noon.com/uae-en/yoga-mat-position-line-non-slip-exercise-mat-with-carrying-bag-pilates-fitness-mat-with-backpack-storage-bag-for-women-and-men/ZF2B03482D2851AC75A96Z/p/?o=zf2b03482d2851ac75a96z-1,Get it by 7 Oct
06-Oct-2024,N2754138,yoga-block-brick-foam-sport-tools,Generic,4.4,15,N,N/A,20.30,Y,264,https://www.noon.com/uae-en/yoga-block-brick-foam-sport-tools/N27541386A/p/?o=e39ad4a5b11ee51c,Get it by 7 Oct
06-Oct-2024,Z94D2E0E,men-and-women-cooling-sport-towel-soft-and-breathable-for-yoga-sports-and-running-black-30x90cm,Generic,N/A,N/A,N,70,63,Y,265,https://www.noon.com/uae-en/men-and-women-cooling-sport-towel-soft-and-breathable-for-yoga-sports-and-running-black-30x90cm/Z94D2E0E03B9AD53D1317Z/p/?o=z94d2e0e03b9ad53d1317z-1,Get it by 7 Oct
06-Oct-2024,ZA1B269A,3-pair-non-slip-yoga-socks-cotton-pilates-socks-with-3d-silicone-particles-breathable-moisture-wicking-machine-washable-ideal-for-yoga-pilates-ballet-dance-workout-pink-black-grey-fit-size-36-42,YooA,N/A,N/A,N,60,42.80,Y,266,https://www.noon.com/uae-en/3-pair-non-slip-yoga-socks-cotton-pilates-socks-with-3d-silicone-particles-breathable-moisture-wicking-machine-washable-ideal-for-yoga-pilates-ballet-dance-workout-pink-black-grey-fit-size-36-42/ZA1B269ACFAC7EFA4C86AZ/p/?o=za1b269acfac7efa4c86az-1,Get it by 7 Oct
06-Oct-2024,N4469290,5-piece-yoga-accessory-set,Generic,N/A,N/A,N,34.75,32.65,Y,267,https://www.noon.com/uae-en/5-piece-yoga-accessory-set/N44692906A/p/?o=faedf96266083c5c,Get it by 7 Oct
06-Oct-2024,N2146285,4-packs-cooling-towel-0-08x39-4x11-4inch,U-pick,4.2,84,N,30.45,24.65,Y,268,https://www.noon.com/uae-en/4-packs-cooling-towel-0-08x39-4x11-4inch/N21462859A/p/?o=e1aa16341fd9ce5e,Get it by 7 Oct
06-Oct-2024,N2077592,exercise-loop-bands-15x150x0-4cm,Cool,N/A,N/A,N,N/A,34,N,269,https://www.noon.com/uae-en/exercise-loop-bands-15x150x0-4cm/N20775929A/p/?o=b6688c8b0790216c,Get it by 8 Oct
06-Oct-2024,ZA5E1BC7,5-piece-fitness-yoga-mat-set-home-exercise-and-fitness-use-purple,BLOOMING,N/A,N/A,N,80,43.55,Y,270,https://www.noon.com/uae-en/5-piece-fitness-yoga-mat-set-home-exercise-and-fitness-use-purple/ZA5E1BC7B9B0386840FA0Z/p/?o=za5e1bc7b9b0386840fa0z-1,Get it by 7 Oct
06-Oct-2024,Z0942197,professional-resistance-bands-long-natural-latex-elastic-bands-for-legs-glutes-strength-training-yoga-pilates-physical-therapy-stretching,Generic,N/A,N/A,N,49,40.15,Y,271,https://www.noon.com/uae-en/professional-resistance-bands-long-natural-latex-elastic-bands-for-legs-glutes-strength-training-yoga-pilates-physical-therapy-stretching/Z09421970CB987550BCB0Z/p/?o=z09421970cb987550bcb0z-1,Get it by 7 Oct
06-Oct-2024,Z9121634,elastic-yoga-stretching-strap-53-15-inch-adjustable-11-loop-stretch-strap-training-dance-stretch-band-for-leg-pilates-gymnastics-home-exercise-workout-equipment-adult-children,GROIC,N/A,N/A,N,200,48.95,N,272,https://www.noon.com/uae-en/elastic-yoga-stretching-strap-53-15-inch-adjustable-11-loop-stretch-strap-training-dance-stretch-band-for-leg-pilates-gymnastics-home-exercise-workout-equipment-adult-children/Z9121634503782779F2E2Z/p/?o=d7305f094839fd1f,N/A
06-Oct-2024,N3218484,liyaqh-mat,Generic,5.0,1,N,39.25,34,N,273,https://www.noon.com/uae-en/liyaqh-mat/N32184845A/p/?o=a334d825c5827aea,Get it by 8 Oct
06-Oct-2024,N2381841,womens-non-slip-yoga-socks,UBOYLI,4.0,54,N,24,15,Y,274,https://www.noon.com/uae-en/womens-non-slip-yoga-socks/N23818412A/p/?o=bb00a3c45142620e,Get it by 7 Oct
06-Oct-2024,Z8AA76A3,sit-up-fitness-equipment-with-non-slip-yoga-mat-portable-push-up-bar-adjustable-multifunction-abdominal-device-exercise-for-home-gym,RIOXS,N/A,N/A,N,95,64.80,Y,275,https://www.noon.com/uae-en/sit-up-fitness-equipment-with-non-slip-yoga-mat-portable-push-up-bar-adjustable-multifunction-abdominal-device-exercise-for-home-gym/Z8AA76A37502FFA504022Z/p/?o=z8aa76a37502ffa504022z-1,Get it by 7 Oct
06-Oct-2024,Z788232A,2-piece-yoga-block-props-brick,ZCM-HAPPY,4.3,4,N,N/A,25,Y,276,https://www.noon.com/uae-en/2-piece-yoga-block-props-brick/Z788232ABE3508B6DF27EZ/p/?o=z788232abe3508b6df27ez-1,Get it by 7 Oct
06-Oct-2024,Z8DAB7C3,mahmir-yoga-cork-block-supportive-sustainable-cork-with-non-slip-surface-exercise-accessory-for-yoga-pilates-and-general-fitness-natural-cork-blocks-size-9-x6-x3,MahMir,5.0,2,N,N/A,39.95,Y,277,https://www.noon.com/uae-en/mahmir-yoga-cork-block-supportive-sustainable-cork-with-non-slip-surface-exercise-accessory-for-yoga-pilates-and-general-fitness-natural-cork-blocks-size-9-x6-x3/Z8DAB7C31164210244C9CZ/p/?o=z8dab7c31164210244c9cz-1,Get it by 7 Oct
06-Oct-2024,N4854735,anti-tear-exercise-mat-with-carrying-strap-60x15cm,limodo,4.9,14,N,45.95,37.20,Y,278,https://www.noon.com/uae-en/anti-tear-exercise-mat-with-carrying-strap-60x15cm/N48547358A/p/?o=a73e68c31e339e8c,Get it by 7 Oct
06-Oct-2024,N1568697,yoga-foam-roller,QiaoKai,4.7,15,N,29,27.20,Y,279,https://www.noon.com/uae-en/yoga-foam-roller/N15686973A/p/?o=f6b62ede8d22205d,Get it by 7 Oct
06-Oct-2024,ZE9BC568,thick-yoga-mat-8mm-knees-supportive-exercise-mat-for-yoga-pilates-fitness-exercises-and-home-exercise-fitness-mat-non-slip-yoga-gym-mat-with-carrying-bag-183-66cm-gold-black,RIGID,4.5,47,N,130.25,95.50,Y,280,https://www.noon.com/uae-en/thick-yoga-mat-8mm-knees-supportive-exercise-mat-for-yoga-pilates-fitness-exercises-and-home-exercise-fitness-mat-non-slip-yoga-gym-mat-with-carrying-bag-183-66cm-gold-black/ZE9BC56837C893BAD2931Z/p/?o=ze9bc56837c893bad2931z-1,Get it by 7 Oct
06-Oct-2024,Z22621FB,inflatable-tube-balancing-ball-yoga-massage-cushion-balancing-pad-soft-balancing-wheel,Generic,N/A,N/A,N,79,53,N,281,https://www.noon.com/uae-en/inflatable-tube-balancing-ball-yoga-massage-cushion-balancing-pad-soft-balancing-wheel/Z22621FB5A8DC95D5D3D7Z/p/?o=z22621fb5a8dc95d5d3d7z-1,Get it by 8 Oct
06-Oct-2024,N2733053,yoga-mat-1meter,Fitness,4.4,88,N,N/A,39.75,Y,282,https://www.noon.com/uae-en/yoga-mat-1meter/N27330532A/p/?o=b9b77fe99f710c6e,Get it by 7 Oct
06-Oct-2024,ZD400A28,3pcs-foot-roller-massage-ball-for-relief-plantar-fasciitis-and-reflexology-massager-for-deep-acupresssure-recovery-1-roller-and-2-spiky-balls,Generic,5.0,1,N,76,43,Y,283,https://www.noon.com/uae-en/3pcs-foot-roller-massage-ball-for-relief-plantar-fasciitis-and-reflexology-massager-for-deep-acupresssure-recovery-1-roller-and-2-spiky-balls/ZD400A2869D3B990D84C9Z/p/?o=zd400a2869d3b990d84c9z-1,Get it by 7 Oct
06-Oct-2024,Z8F7BF19,yoga-strap-with-loops-yoga-stretching-strap-for-home-workout-exercise-pilates-and-gymnastics-non-elastic-stretch-strap-stretch-band-belt-for-women-men,DUNISO,5.0,1,N,100,43.65,Y,284,https://www.noon.com/uae-en/yoga-strap-with-loops-yoga-stretching-strap-for-home-workout-exercise-pilates-and-gymnastics-non-elastic-stretch-strap-stretch-band-belt-for-women-men/Z8F7BF191B3F000CC61BDZ/p/?o=z8f7bf191b3f000cc61bdz-1,Get it by 7 Oct
06-Oct-2024,Z49B29A1,foam-roller-yoga-fitness-black,Generic,5.0,1,N,55,44,Y,285,https://www.noon.com/uae-en/foam-roller-yoga-fitness-black/Z49B29A165B21554214D9Z/p/?o=z49b29a165b21554214d9z-1,Get it by 7 Oct
06-Oct-2024,N4325038,acupressure-spike-mat-66-x-42cm,Rock,4.3,4,N,N/A,47,N,286,https://www.noon.com/uae-en/acupressure-spike-mat-66-x-42cm/N43250382A/p/?o=c8e8c060cb1c6c6a,N/A
06-Oct-2024,Z60810F3,yoga-socks-barefoot-yoga-exercise-wear-sport-accessories-water-shoes-quick-dry-aqua-socks-indoor-fitness-shoes-jump-rope-shoes-and-dance-shoes,GROIC,N/A,N/A,N,200,56.65,Y,287,https://www.noon.com/uae-en/yoga-socks-barefoot-yoga-exercise-wear-sport-accessories-water-shoes-quick-dry-aqua-socks-indoor-fitness-shoes-jump-rope-shoes-and-dance-shoes/Z60810F3C5A475899D3F9Z/p/?o=z60810f3c5a475899d3f9z-1,Get it by 7 Oct
06-Oct-2024,N1662009,yoga-gym-swiss-ball-75cm,Generic,4.4,412,N,N/A,41.35,Y,288,https://www.noon.com/uae-en/yoga-gym-swiss-ball-75cm/N16620092A/p/?o=ce308727bb9e52ac,Get it by 7 Oct
06-Oct-2024,N3357307,eva-yoga-foam-massage-roller,Generic,3.2,12,N,70,54.95,Y,289,https://www.noon.com/uae-en/eva-yoga-foam-massage-roller/N33573075A/p/?o=edf59165c90d188d,Get it by 7 Oct
06-Oct-2024,ZDEC6705,yoga-mat-6mm-thick-for-men-and-women-non-slip-exercise-mat-for-home-yoga-pilates-stretching-floor-fitness-workouts-mat-183x61cm,Yuwell,N/A,N/A,N,60,29.90,Y,290,https://www.noon.com/uae-en/yoga-mat-6mm-thick-for-men-and-women-non-slip-exercise-mat-for-home-yoga-pilates-stretching-floor-fitness-workouts-mat-183x61cm/ZDEC67057C6B512385644Z/p/?o=zdec67057c6b512385644z-1,Get it by 7 Oct
06-Oct-2024,Z9D9F31B,mahmir-yoga-wheel-yoga-circles-pilates-professional-waist-shape-gym-workout-yoga-wheel-back-training-tool-f-or-fitness-perfect-for-stretching-and-improving-backbends,MahMir,5.0,3,N,49.95,44.95,Y,291,https://www.noon.com/uae-en/mahmir-yoga-wheel-yoga-circles-pilates-professional-waist-shape-gym-workout-yoga-wheel-back-training-tool-f-or-fitness-perfect-for-stretching-and-improving-backbends/Z9D9F31BA336AF3127579Z/p/?o=z9d9f31ba336af3127579z-1,Get it by 7 Oct
06-Oct-2024,Z2EA7857,12-pack-puzzle-exercise-floor-mat-eva-foam-mats-with-interlocking-floor-tiles-12-x-12-foam-gym-mat-protective-flooring-mats-interlocking-for-home-and-gym-equipment-blue,GROIC,N/A,N/A,N,400,86.60,Y,292,https://www.noon.com/uae-en/12-pack-puzzle-exercise-floor-mat-eva-foam-mats-with-interlocking-floor-tiles-12-x-12-foam-gym-mat-protective-flooring-mats-interlocking-for-home-and-gym-equipment-blue/Z2EA7857F7D74C62C9386Z/p/?o=z2ea7857f7d74c62c9386z-1,Get it by 7 Oct
06-Oct-2024,N1408274,tasheng-sports-yoga-mat,Generic,4.2,11,N,N/A,29.90,N,293,https://www.noon.com/uae-en/tasheng-sports-yoga-mat/N14082749A/p/?o=ed9221054845f5fc,Get it by 9 Oct
06-Oct-2024,N1652962,yoga-ball-with-air-pump-85-cm-85cm,body,3.9,76,N,38.95,31.55,N,294,https://www.noon.com/uae-en/yoga-ball-with-air-pump-85-cm-85cm/N16529626A/p/?o=d79bbd8ff82520cc,N/A
06-Oct-2024,N4854736,all-purpose-extra-thick-yoga-mat,limodo,4.2,25,N,35.25,31.60,Y,295,https://www.noon.com/uae-en/all-purpose-extra-thick-yoga-mat/N48547364A/p/?o=a8fbbb9b97efd51d,Get it by 7 Oct
06-Oct-2024,Z46EB240,yoga-roller-foam-half-with-dots-mfx-0010,Generic,5.0,1,N,N/A,69,N,296,https://www.noon.com/uae-en/yoga-roller-foam-half-with-dots-mfx-0010/Z46EB2403421DDC1955CEZ/p/?o=z46eb2403421ddc1955cez-1,Get it by 8 Oct
06-Oct-2024,N3374385,thickened-non-slip-yoga-mat-60-x-15-x-15cm,Generic,N/A,N/A,N,N/A,29,N,297,https://www.noon.com/uae-en/thickened-non-slip-yoga-mat-60-x-15-x-15cm/N33743859A/p/?o=e2f6f298cd86b24a,Get it by 8 Oct
06-Oct-2024,N1354299,yoga-foam-block-brick,Eva,4.9,10,N,28.95,20,Y,298,https://www.noon.com/uae-en/yoga-foam-block-brick/N13542992A/p/?o=a2899ee304e55aff,Get it by 7 Oct
